feature_model,global_pool,input_variant,image_size,estimator,weight_mode,objective,all_threshold,all_accuracy,all_balanced_accuracy,all_f1,all_tn,all_fp,all_fn,all_tp,all_sensitivity_high,all_specificity_low,all_auc,old_threshold,old_accuracy,old_balanced_accuracy,old_f1,old_tn,old_fp,old_fn,old_tp,old_sensitivity_high,old_specificity_low,old_auc,third_threshold,third_accuracy,third_balanced_accuracy,third_f1,third_tn,third_fp,third_fn,third_tp,third_sensitivity_high,third_specificity_low,third_auc,selection_score,old_guard_090,old_guard_092
eva02_large_patch14_clip_336.merged2b,token,whole_plus_crop,336,extra_d2,label,balanced_accuracy,0.62,0.6531302876480541,0.6622757847533632,0.6034816247582205,230,138,67,156,0.6995515695067265,0.625,0.6860011698186781,0.62,0.6350877192982456,0.6356382978723405,0.6510067114093959,84,60,44,97,0.6879432624113475,0.5833333333333334,0.6528270291568163,0.62,0.6699346405228758,0.6856489547038327,0.5388127853881278,146,78,23,59,0.7195121951219512,0.6517857142857143,0.7188044425087108,0.3924783670353218,False,False
eva02_large_patch14_clip_336.merged2b,token,whole_plus_crop,336,extra_d2,label,high_sensitivity,0.62,0.6531302876480541,0.6622757847533632,0.6034816247582205,230,138,67,156,0.6995515695067265,0.625,0.6860011698186781,0.62,0.6350877192982456,0.6356382978723405,0.6510067114093959,84,60,44,97,0.6879432624113475,0.5833333333333334,0.6528270291568163,0.62,0.6699346405228758,0.6856489547038327,0.5388127853881278,146,78,23,59,0.7195121951219512,0.6517857142857143,0.7188044425087108,0.3924783670353218,False,False
eva02_large_patch14_clip_336.merged2b,token,whole_plus_crop,336,extra_d2,domain_label_third_up,balanced_accuracy,0.6,0.6294416243654822,0.6485547865080912,0.5966850828729282,210,158,61,162,0.726457399103139,0.5706521739130435,0.6718780464028076,0.6,0.6210526315789474,0.6220449172576832,0.6516129032258065,76,68,40,101,0.7163120567375887,0.5277777777777778,0.6387411347517731,0.6,0.6372549019607843,0.671058362369338,0.5236051502145923,134,90,21,61,0.7439024390243902,0.5982142857142857,0.706935975609756,0.360645122175,False,False
eva02_large_patch14_clip_336.merged2b,token,whole_plus_crop,336,extra_d2,domain_label_third_up,high_sensitivity,0.6,0.6294416243654822,0.6485547865080912,0.5966850828729282,210,158,61,162,0.726457399103139,0.5706521739130435,0.6718780464028076,0.6,0.6210526315789474,0.6220449172576832,0.6516129032258065,76,68,40,101,0.7163120567375887,0.5277777777777778,0.6387411347517731,0.6,0.6372549019607843,0.671058362369338,0.5236051502145923,134,90,21,61,0.7439024390243902,0.5982142857142857,0.706935975609756,0.360645122175,False,False
eva02_large_patch14_clip_336.merged2b,token,whole_plus_crop,336,extra_d3,none,balanced_accuracy,0.49499999999999994,0.626057529610829,0.643187024761162,0.5899814471243042,211,157,64,159,0.7130044843049327,0.5733695652173914,0.6818946188340808,0.49499999999999994,0.624561403508772,0.6254432624113475,0.6514657980456026,78,66,41,100,0.7092198581560284,0.5416666666666666,0.6484929078014184,0.49499999999999994,0.6274509803921569,0.6566310975609756,0.5086206896551724,133,91,23,59,0.7195121951219512,0.59375,0.7171167247386759,0.3595861882806547,False,False
eva02_large_patch14_clip_336.merged2b,token,whole_plus_crop,336,extra_d4,domain_label_third_up,balanced_accuracy,0.59,0.6125211505922166,0.6305505459153831,0.578268876611418,205,163,66,157,0.7040358744394619,0.5570652173913043,0.6650541041138623,0.59,0.6280701754385964,0.6289154846335698,0.6535947712418301,79,65,41,100,0.7092198581560284,0.5486111111111112,0.6422379826635146,0.59,0.5980392156862745,0.6288109756097561,0.4810126582278481,126,98,25,57,0.6951219512195121,0.5625,0.6836890243902439,0.34573194295608056,False,False
eva02_large_patch14_clip_336.merged2b,token,whole_plus_crop,336,extra_d4,domain_label_third_up,high_sensitivity,0.59,0.6125211505922166,0.6305505459153831,0.578268876611418,205,163,66,157,0.7040358744394619,0.5570652173913043,0.6650541041138623,0.59,0.6280701754385964,0.6289154846335698,0.6535947712418301,79,65,41,100,0.7092198581560284,0.5486111111111112,0.6422379826635146,0.59,0.5980392156862745,0.6288109756097561,0.4810126582278481,126,98,25,57,0.6951219512195121,0.5625,0.6836890243902439,0.34573194295608056,False,False
eva02_large_patch14_clip_336.merged2b,token,whole_plus_crop,336,logreg_bal_c0.003,domain_label_third_up,high_sensitivity,0.42499999999999993,0.6074450084602369,0.6432601384285436,0.6027397260273972,183,185,47,176,0.7892376681614349,0.49728260869565216,0.6853797036459349,0.42499999999999993,0.6175438596491228,0.6196808510638298,0.6803519061583577,60,84,25,116,0.8226950354609929,0.4166666666666667,0.6549940898345155,0.42499999999999993,0.5980392156862745,0.6404072299651569,0.49382716049382713,123,101,22,60,0.7317073170731707,0.5491071428571429,0.6882077526132405,0.33868689902489835,False,False
eva02_large_patch14_clip_336.merged2b,token,whole_plus_crop,336,logreg_plain_c0.003,domain_label_third_up,high_sensitivity,0.41999999999999993,0.6057529610829103,0.6427848995905634,0.6030664395229983,181,187,46,177,0.7937219730941704,0.49184782608695654,0.685428446090856,0.41999999999999993,0.6105263157894737,0.6127364066193853,0.6763848396501457,58,86,25,116,0.8226950354609929,0.4027777777777778,0.6553881008668243,0.41999999999999993,0.6013071895424836,0.6465047909407666,0.5,123,101,21,61,0.7439024390243902,0.5491071428571429,0.6873911149825783,0.3306653761239108,False,False
eva02_large_patch14_clip_336.merged2b,token,whole_plus_crop,336,extra_d3,label,high_sensitivity,0.615,0.6192893401015228,0.6342184148956912,0.5794392523364486,211,157,68,155,0.695067264573991,0.5733695652173914,0.6704035874439461,0.615,0.6210526315789474,0.6218971631205674,0.6470588235294118,78,66,42,99,0.7021276595744681,0.5416666666666666,0.6455870764381403,0.615,0.6176470588235294,0.6383384146341464,0.4890829694323144,133,91,26,56,0.6829268292682927,0.59375,0.6933253484320557,0.3297900722541497,False,False
eva02_large_patch14_clip_336.merged2b,token,whole_plus_crop,336,logreg_bal_c0.01,domain_label,high_sensitivity,0.4149999999999999,0.6159052453468697,0.6429859621758627,0.5968028419182948,196,172,55,168,0.7533632286995515,0.532608695652174,0.6822601871709885,0.4149999999999999,0.6105263157894737,0.6123670212765957,0.6666666666666666,63,81,30,111,0.7872340425531915,0.4375,0.6515464933018125,0.4149999999999999,0.6209150326797386,0.6444359756097561,0.4956521739130435,133,91,25,57,0.6951219512195121,0.59375,0.6800413763066202,0.32897743576873384,False,False
eva02_large_patch14_clip_336.merged2b,token,whole_plus_crop,336,logreg_plain_c0.003,domain_label,high_sensitivity,0.4149999999999999,0.6023688663282571,0.6436013355429908,0.6063651591289783,175,193,42,181,0.8116591928251121,0.47554347826086957,0.6886332618444141,0.4149999999999999,0.6035087719298246,0.6058658392434988,0.6743515850144092,55,89,24,117,0.8297872340425532,0.3819444444444444,0.6623817966903073,0.4149999999999999,0.6013071895424836,0.6581010452961673,0.512,120,104,18,64,0.7804878048780488,0.5357142857142857,0.6852134146341463,0.32366202958618595,False,False
eva02_large_patch14_clip_336.merged2b,token,whole_plus_crop,336,logreg_bal_c0.03,domain_label,high_sensitivity,0.36999999999999994,0.6142131979695431,0.6433941801520764,0.5985915492957746,193,175,53,170,0.7623318385650224,0.5244565217391305,0.6768985182296745,0.36999999999999994,0.6,0.6019503546099291,0.6607142857142857,60,84,30,111,0.7872340425531915,0.4166666666666667,0.6467691095350669,0.36999999999999994,0.6274509803921569,0.6566310975609756,0.5086206896551724,133,91,23,59,0.7195121951219512,0.59375,0.6739438153310106,0.3230646317297028,False,False
eva02_large_patch14_clip_336.merged2b,token,whole_plus_crop,336,logreg_plain_c0.03,domain_label,high_sensitivity,0.36999999999999994,0.6142131979695431,0.6433941801520764,0.5985915492957746,193,175,53,170,0.7623318385650224,0.5244565217391305,0.6768132189510626,0.36999999999999994,0.6,0.6019503546099291,0.6607142857142857,60,84,30,111,0.7872340425531915,0.4166666666666667,0.6462273443656422,0.36999999999999994,0.6274509803921569,0.6566310975609756,0.5086206896551724,133,91,23,59,0.7195121951219512,0.59375,0.6740527003484321,0.3230646317297028,False,False
eva02_large_patch14_clip_336.merged2b,token,whole_plus_crop,336,logreg_bal_c0.01,none,high_sensitivity,0.4049999999999999,0.6074450084602369,0.6370759407291869,0.5929824561403508,190,178,54,169,0.757847533632287,0.5163043478260869,0.6817118346656268,0.4049999999999999,0.6105263157894737,0.6124408983451537,0.6686567164179105,62,82,29,112,0.7943262411347518,0.4305555555555556,0.6506107171000788,0.4049999999999999,0.6045751633986928,0.6332752613240418,0.4851063829787234,128,96,25,57,0.6951219512195121,0.5714285714285714,0.6794969512195123,0.32238341074737775,False,False
eva02_large_patch14_clip_336.merged2b,token,whole_plus_crop,336,logreg_bal_c0.01,label,high_sensitivity,0.4049999999999999,0.6074450084602369,0.6370759407291869,0.5929824561403508,190,178,54,169,0.757847533632287,0.5163043478260869,0.6817118346656268,0.4049999999999999,0.6105263157894737,0.6124408983451537,0.6686567164179105,62,82,29,112,0.7943262411347518,0.4305555555555556,0.6506107171000788,0.4049999999999999,0.6045751633986928,0.6332752613240418,0.4851063829787234,128,96,25,57,0.6951219512195121,0.5714285714285714,0.6794969512195123,0.32238341074737775,False,False
eva02_large_patch14_clip_336.merged2b,token,whole_plus_crop,336,logreg_plain_c0.01,label,high_sensitivity,0.4049999999999999,0.6074450084602369,0.6370759407291869,0.5929824561403508,190,178,54,169,0.757847533632287,0.5163043478260869,0.6817118346656268,0.4049999999999999,0.6105263157894737,0.6124408983451537,0.6686567164179105,62,82,29,112,0.7943262411347518,0.4305555555555556,0.6506107171000788,0.4049999999999999,0.6045751633986928,0.6332752613240418,0.4851063829787234,128,96,25,57,0.6951219512195121,0.5714285714285714,0.6794969512195123,0.32238341074737775,False,False
eva02_large_patch14_clip_336.merged2b,token,whole_plus_crop,336,logreg_bal_c0.003,domain_label,high_sensitivity,0.4149999999999999,0.6006768189509306,0.6413591830766231,0.6040268456375839,175,193,43,180,0.8071748878923767,0.47554347826086957,0.6887063755117958,0.4149999999999999,0.6035087719298246,0.6058658392434988,0.6743515850144092,55,89,24,117,0.8297872340425532,0.3819444444444444,0.6621847911741529,0.4149999999999999,0.5980392156862745,0.6520034843205575,0.5060240963855421,120,104,19,63,0.7682926829268293,0.5357142857142857,0.6851589721254355,0.3211791665222612,False,False
eva02_large_patch14_clip_336.merged2b,token,whole_plus_crop,336,logreg_bal_c0.03,none,high_sensitivity,0.36999999999999994,0.61082910321489,0.6406767888477286,0.5964912280701754,191,177,53,170,0.7623318385650224,0.5190217391304348,0.6770447455644375,0.36999999999999994,0.6,0.6019503546099291,0.6607142857142857,60,84,30,111,0.7872340425531915,0.4166666666666667,0.6462273443656422,0.36999999999999994,0.6209150326797386,0.6521668118466899,0.5042735042735043,131,93,23,59,0.7195121951219512,0.5848214285714286,0.6741615853658537,0.32041815647293337,False,False
eva02_large_patch14_clip_336.merged2b,token,whole_plus_crop,336,logreg_bal_c0.03,label,high_sensitivity,0.36999999999999994,0.61082910321489,0.6406767888477286,0.5964912280701754,191,177,53,170,0.7623318385650224,0.5190217391304348,0.6770447455644375,0.36999999999999994,0.6,0.6019503546099291,0.6607142857142857,60,84,30,111,0.7872340425531915,0.4166666666666667,0.6462273443656422,0.36999999999999994,0.6209150326797386,0.6521668118466899,0.5042735042735043,131,93,23,59,0.7195121951219512,0.5848214285714286,0.6741615853658537,0.32041815647293337,False,False
eva02_large_patch14_clip_336.merged2b,token,whole_plus_crop,336,logreg_plain_c0.03,label,high_sensitivity,0.36999999999999994,0.61082910321489,0.6406767888477286,0.5964912280701754,191,177,53,170,0.7623318385650224,0.5190217391304348,0.6770447455644375,0.36999999999999994,0.6,0.6019503546099291,0.6607142857142857,60,84,30,111,0.7872340425531915,0.4166666666666667,0.6462273443656422,0.36999999999999994,0.6209150326797386,0.6521668118466899,0.5042735042735043,131,93,23,59,0.7195121951219512,0.5848214285714286,0.6741615853658537,0.32041815647293337,False,False
eva02_large_patch14_clip_336.merged2b,token,whole_plus_crop,336,logreg_bal_c0.003,none,high_sensitivity,0.4149999999999999,0.6023688663282571,0.642717878728797,0.6050420168067226,176,192,43,180,0.8071748878923767,0.4782608695652174,0.6884626632871904,0.4149999999999999,0.6,0.6023197399527187,0.6705202312138728,55,89,25,116,0.8226950354609929,0.3819444444444444,0.6618400315208826,0.4149999999999999,0.6045751633986928,0.6603331881533101,0.5140562248995983,121,103,18,64,0.7804878048780488,0.5401785714285714,0.6859756097560975,0.31971091111154715,False,False
eva02_large_patch14_clip_336.merged2b,token,whole_plus_crop,336,logreg_bal_c0.003,label,high_sensitivity,0.4149999999999999,0.6023688663282571,0.642717878728797,0.6050420168067226,176,192,43,180,0.8071748878923767,0.4782608695652174,0.6884626632871904,0.4149999999999999,0.6,0.6023197399527187,0.6705202312138728,55,89,25,116,0.8226950354609929,0.3819444444444444,0.6618400315208826,0.4149999999999999,0.6045751633986928,0.6603331881533101,0.5140562248995983,121,103,18,64,0.7804878048780488,0.5401785714285714,0.6859756097560975,0.31971091111154715,False,False
eva02_large_patch14_clip_336.merged2b,token,whole_plus_crop,336,logreg_plain_c0.003,label,high_sensitivity,0.4149999999999999,0.6023688663282571,0.642717878728797,0.6050420168067226,176,192,43,180,0.8071748878923767,0.4782608695652174,0.6884626632871904,0.4149999999999999,0.6,0.6023197399527187,0.6705202312138728,55,89,25,116,0.8226950354609929,0.3819444444444444,0.6618400315208826,0.4149999999999999,0.6045751633986928,0.6603331881533101,0.5140562248995983,121,103,18,64,0.7804878048780488,0.5401785714285714,0.6859756097560975,0.31971091111154715,False,False
eva02_large_patch14_clip_336.merged2b,token,whole_plus_crop,336,logreg_plain_c0.03,none,high_sensitivity,0.33499999999999996,0.626057529610829,0.647604308832131,0.5974499089253188,206,162,59,164,0.7354260089686099,0.5597826086956522,0.6777880678494833,0.33499999999999996,0.6070175438596491,0.6086731678486997,0.6585365853658537,65,79,33,108,0.7659574468085106,0.4513888888888889,0.648542159180457,0.33499999999999996,0.6437908496732027,0.6561955574912892,0.5067873303167421,141,83,26,56,0.6829268292682927,0.6294642857142857,0.6743793554006969,0.3195666694365089,False,False
eva02_large_patch14_clip_336.merged2b,token,whole_plus_crop,336,extra_d2,none,high_sensitivity,0.49499999999999994,0.5871404399323181,0.629606161045038,0.5946843853820598,168,200,44,179,0.8026905829596412,0.45652173913043476,0.6868785338272567,0.49499999999999994,0.6,0.6018026004728132,0.6566265060240963,62,82,32,109,0.7730496453900709,0.4305555555555556,0.6497241922773838,0.49499999999999994,0.5751633986928104,0.6634364111498258,0.5185185185185185,106,118,12,70,0.8536585365853658,0.4732142857142857,0.7281685540069687,0.3146043832253538,False,False
eva02_large_patch14_clip_336.merged2b,token,whole_plus_crop,336,extra_d2,domain_label,balanced_accuracy,0.625,0.6615905245346869,0.6575843244297134,0.588477366255144,248,120,80,143,0.6412556053811659,0.6739130434782609,0.6863667381555859,0.625,0.6491228070175439,0.6492316784869976,0.6503496503496503,92,52,48,93,0.6595744680851063,0.6388888888888888,0.6581461780929867,0.625,0.673202614379085,0.6530923344947734,0.5,156,68,32,50,0.6097560975609756,0.6964285714285714,0.7130879790940767,0.3140411927523765,False,False
eva02_large_patch14_clip_336.merged2b,token,whole_plus_crop,336,extra_d2,domain_label,high_sensitivity,0.625,0.6615905245346869,0.6575843244297134,0.588477366255144,248,120,80,143,0.6412556053811659,0.6739130434782609,0.6863667381555859,0.625,0.6491228070175439,0.6492316784869976,0.6503496503496503,92,52,48,93,0.6595744680851063,0.6388888888888888,0.6581461780929867,0.625,0.673202614379085,0.6530923344947734,0.5,156,68,32,50,0.6097560975609756,0.6964285714285714,0.7130879790940767,0.3140411927523765,False,False
eva02_large_patch14_clip_336.merged2b,token,whole_plus_crop,336,logreg_plain_c0.01,domain_label_third_up,high_sensitivity,0.38499999999999995,0.6023688663282571,0.6356502242152466,0.5941278065630398,184,184,51,172,0.7713004484304933,0.5,0.6796890232014038,0.38499999999999995,0.6,0.602098108747045,0.6647058823529411,58,86,28,113,0.8014184397163121,0.4027777777777778,0.64701536643026,0.38499999999999995,0.6045751633986928,0.6410060975609756,0.49372384937238495,126,98,23,59,0.7195121951219512,0.5625,0.6810213414634148,0.31384629457214464,False,False
eva02_large_patch14_clip_336.merged2b,token,whole_plus_crop,336,logreg_plain_c0.01,none,high_sensitivity,0.3549999999999999,0.6023688663282571,0.6338833105868591,0.591304347826087,186,182,53,170,0.7623318385650224,0.5054347826086957,0.6820652173913043,0.3549999999999999,0.6,0.602024231678487,0.6627218934911243,59,85,29,112,0.7943262411347518,0.4097222222222222,0.6527285263987391,0.3549999999999999,0.6045751633986928,0.6371406794425087,0.48945147679324896,127,97,24,58,0.7073170731707317,0.5669642857142857,0.6782992160278746,0.31266450601603724,False,False
eva02_large_patch14_clip_336.merged2b,token,whole_plus_crop,336,extra_d3,none,high_sensitivity,0.48999999999999994,0.5736040609137056,0.6205035094560343,0.5895765472312704,158,210,42,181,0.8116591928251121,0.42934782608695654,0.6818946188340808,0.48999999999999994,0.6105263157894737,0.6125886524822695,0.672566371681416,60,84,27,114,0.8085106382978723,0.4166666666666667,0.6484929078014184,0.48999999999999994,0.5392156862745098,0.6272865853658536,0.48727272727272725,98,126,15,67,0.8170731707317073,0.4375,0.7171167247386759,0.3124372875567072,False,False
eva02_large_patch14_clip_336.merged2b,token,whole_plus_crop,336,extra_d2,none,balanced_accuracy,0.49999999999999994,0.6395939086294417,0.6390378241372587,0.5714285714285714,236,132,81,142,0.6367713004484304,0.6413043478260869,0.6868785338272567,0.49999999999999994,0.6070175438596491,0.6071956264775413,0.6111111111111112,85,59,53,88,0.624113475177305,0.5902777777777778,0.6497241922773838,0.49999999999999994,0.6699346405228758,0.6663218641114983,0.5167464114832536,151,73,28,54,0.6585365853658537,0.6741071428571429,0.7281685540069687,0.3029998132787197,False,False
eva02_large_patch14_clip_336.merged2b,token,whole_plus_crop,336,logreg_bal_c0.01,domain_label_third_up,high_sensitivity,0.37499999999999994,0.5939086294416244,0.6315071163969586,0.5932203389830508,176,192,48,175,0.7847533632286996,0.4782608695652174,0.6798108793137064,0.37499999999999994,0.5929824561403508,0.5952275413711583,0.6627906976744186,55,89,27,114,0.8085106382978723,0.3819444444444444,0.6470646178092987,0.37499999999999994,0.5947712418300654,0.6420405052264808,0.4959349593495935,121,103,21,61,0.7439024390243902,0.5401785714285714,0.681456881533101,0.30171360971372574,False,False
eva02_large_patch14_clip_336.merged2b,token,whole_plus_crop,336,logreg_plain_c0.003,none,high_sensitivity,0.38499999999999995,0.5905245346869712,0.6323235523493859,0.5966666666666667,170,198,44,179,0.8026905829596412,0.46195652173913043,0.6884017352310392,0.38499999999999995,0.5929824561403508,0.5953752955082743,0.6666666666666666,53,91,25,116,0.8226950354609929,0.3680555555555556,0.663810086682427,0.38499999999999995,0.5882352941176471,0.6453070557491289,0.5,117,107,19,63,0.7682926829268293,0.5223214285714286,0.6823824041811846,0.30143071156917134,False,False
eva02_large_patch14_clip_336.merged2b,token,whole_plus_crop,336,logreg_plain_c0.3,none,high_sensitivity,0.21999999999999997,0.6057529610829103,0.6330668746344317,0.5876106194690266,192,176,57,166,0.7443946188340808,0.5217391304347826,0.6711103528953013,0.21999999999999997,0.5929824561403508,0.5948581560283688,0.6526946107784432,60,84,32,109,0.7730496453900709,0.4166666666666667,0.6425334909377463,0.21999999999999997,0.6176470588235294,0.6422038327526132,0.4935064935064935,132,92,25,57,0.6951219512195121,0.5892857142857143,0.6694250871080138,0.3013489069869336,False,False
eva02_large_patch14_clip_336.merged2b,token,whole_plus_crop,336,extra_d3,domain_label_third_up,high_sensitivity,0.595,0.5939086294416244,0.6182552641840515,0.5714285714285714,191,177,63,160,0.7174887892376681,0.5190217391304348,0.6617578962760773,0.595,0.5929824561403508,0.5941932624113475,0.6329113924050633,69,75,41,100,0.7092198581560284,0.4791666666666667,0.637608353033885,0.595,0.5947712418300654,0.6381750871080138,0.4918032786885246,122,102,22,60,0.7317073170731707,0.5446428571428571,0.6867922473867597,0.3002437005902424,False,False
eva02_large_patch14_clip_336.merged2b,token,whole_plus_crop,336,logreg_plain_c0.1,none,high_sensitivity,0.26499999999999996,0.6159052453468697,0.6394521349190876,0.590990990990991,200,168,59,164,0.7354260089686099,0.5434782608695652,0.6742907974263989,0.26499999999999996,0.5964912280701754,0.5982565011820331,0.6525679758308157,62,82,33,108,0.7659574468085106,0.4305555555555556,0.6452915681639086,0.26499999999999996,0.6339869281045751,0.6494991289198606,0.5,138,86,26,56,0.6829268292682927,0.6160714285714286,0.6727460801393728,0.2998403776039863,False,False
eva02_large_patch14_clip_336.merged2b,token,whole_plus_crop,336,logreg_bal_c0.03,domain_label_third_up,high_sensitivity,0.33499999999999996,0.5989847715736041,0.6355832033534803,0.596252129471891,179,189,48,175,0.7847533632286996,0.48641304347826086,0.6757286995515694,0.33499999999999996,0.5859649122807018,0.5882092198581561,0.6569767441860465,54,90,28,113,0.8014184397163121,0.375,0.6441095350669818,0.33499999999999996,0.6111111111111112,0.657066637630662,0.5102880658436214,125,99,20,62,0.7560975609756098,0.5580357142857143,0.6755226480836237,0.29896287420570977,False,False
eva02_large_patch14_clip_336.merged2b,token,whole_plus_crop,336,logreg_plain_c0.03,domain_label_third_up,high_sensitivity,0.32499999999999996,0.5989847715736041,0.6355832033534803,0.596252129471891,179,189,48,175,0.7847533632286996,0.48641304347826086,0.6757774419964905,0.32499999999999996,0.5859649122807018,0.5882092198581561,0.6569767441860465,54,90,28,113,0.8014184397163121,0.375,0.6444542947202521,0.32499999999999996,0.6111111111111112,0.657066637630662,0.5102880658436214,125,99,20,62,0.7560975609756098,0.5580357142857143,0.6752504355400697,0.29896287420570977,False,False
eva02_large_patch14_clip_336.merged2b,token,whole_plus_crop,336,logreg_plain_c0.1,domain_label_third_up,high_sensitivity,0.27999999999999997,0.5956006768189509,0.6319823552349386,0.5928449744463373,178,190,49,174,0.7802690582959642,0.483695652173913,0.6718293039578865,0.27999999999999997,0.5859649122807018,0.5882830969267139,0.6589595375722543,53,91,27,114,0.8085106382978723,0.3680555555555556,0.640021670606777,0.27999999999999997,0.6045751633986928,0.6448715156794425,0.4979253112033195,125,99,22,60,0.7317073170731707,0.5580357142857143,0.6706772648083623,0.2940193111984275,False,False
eva02_large_patch14_clip_336.merged2b,token,whole_plus_crop,336,extra_d4,label,balanced_accuracy,0.61,0.6091370558375635,0.6189985864690972,0.56,213,155,76,147,0.6591928251121076,0.5788043478260869,0.6590587833885747,0.61,0.6070175438596491,0.6074911347517731,0.6216216216216216,81,63,49,92,0.6524822695035462,0.5625,0.6390858944050434,0.61,0.6111111111111112,0.6300087108013938,0.48034934497816595,132,92,27,55,0.6707317073170732,0.5892857142857143,0.6718205574912892,0.2926249358368245,False,False
eva02_large_patch14_clip_336.merged2b,token,whole_plus_crop,336,logreg_plain_c0.01,domain_label,high_sensitivity,0.37499999999999994,0.5905245346869712,0.6287897250926107,0.5912162162162162,174,194,48,175,0.7847533632286996,0.47282608695652173,0.6824064145057516,0.37499999999999994,0.5859649122807018,0.5882830969267139,0.6589595375722543,53,91,27,114,0.8085106382978723,0.3680555555555556,0.6519405043341213,0.37499999999999994,0.5947712418300654,0.6420405052264808,0.4959349593495935,121,103,21,61,0.7439024390243902,0.5401785714285714,0.6801502613240418,0.29120922374881353,False,False
eva02_large_patch14_clip_336.merged2b,token,whole_plus_crop,336,logreg_bal_c0.1,domain_label_third_up,high_sensitivity,0.285,0.5922165820642978,0.6301484207447846,0.5922165820642978,175,193,48,175,0.7847533632286996,0.47554347826086957,0.6713418795086761,0.285,0.5824561403508772,0.5848108747044917,0.6570605187319885,52,92,27,114,0.8085106382978723,0.3611111111111111,0.6396769109535068,0.285,0.6013071895424836,0.6465047909407666,0.5,123,101,21,61,0.7439024390243902,0.5491071428571429,0.670241724738676,0.2886035060231269,False,False
eva02_large_patch14_clip_336.merged2b,token,whole_plus_crop,336,extra_d4,none,high_sensitivity,0.48499999999999993,0.5634517766497462,0.6105844219146033,0.5811688311688312,154,214,44,179,0.8026905829596412,0.41847826086956524,0.6802251900955352,0.48499999999999993,0.5929824561403508,0.5949320330969268,0.6547619047619048,59,85,31,110,0.7801418439716312,0.4097222222222222,0.6515957446808511,0.48499999999999993,0.5359477124183006,0.6327852787456446,0.4928571428571429,95,129,13,69,0.8414634146341463,0.42410714285714285,0.7075348432055749,0.28708368340485246,False,False
eva02_large_patch14_clip_336.merged2b,token,whole_plus_crop,336,logreg_plain_c0.3,domain_label_third_up,high_sensitivity,0.24,0.5820642978003384,0.6202293332033535,0.5834738617200674,171,197,50,173,0.7757847533632287,0.46467391304347827,0.6687097874829401,0.24,0.5754385964912281,0.5777186761229315,0.6492753623188405,52,92,29,112,0.7943262411347518,0.3611111111111111,0.6381501182033097,0.24,0.5882352941176471,0.6375762195121951,0.49193548387096775,119,105,21,61,0.7439024390243902,0.53125,0.6667029616724739,0.27276184330354103,False,False
eva02_large_patch14_clip_336.merged2b,token,whole_plus_crop,336,logreg_bal_c0.01,domain_label_third_up,balanced_accuracy,0.49999999999999994,0.6463620981387479,0.65507408851628,0.5957446808510638,228,140,69,154,0.6905829596412556,0.6195652173913043,0.6798108793137064,0.49999999999999994,0.631578947368421,0.6327570921985816,0.6666666666666666,75,69,36,105,0.7446808510638298,0.5208333333333334,0.6470646178092987,0.49999999999999994,0.6601307189542484,0.6402983449477352,0.48514851485148514,153,71,33,49,0.5975609756097561,0.6830357142857143,0.681456881533101,0.269398487386606,False,False
eva02_large_patch14_clip_336.merged2b,token,whole_plus_crop,336,logreg_bal_c0.1,domain_label,high_sensitivity,0.27499999999999997,0.583756345177665,0.623354942483915,0.587248322147651,170,198,48,175,0.7847533632286996,0.46195652173913043,0.6725848118541626,0.27499999999999997,0.5719298245614035,0.5744680851063829,0.6534090909090909,48,96,26,115,0.8156028368794326,0.3333333333333333,0.642434988179669,0.27499999999999997,0.5947712418300654,0.6381750871080138,0.4918032786885246,122,102,22,60,0.7317073170731707,0.5446428571428571,0.6711672473867596,0.2690629895040163,False,False
eva02_large_patch14_clip_336.merged2b,token,whole_plus_crop,336,extra_d4,domain_label,balanced_accuracy,0.615,0.6192893401015228,0.6236169331253656,0.5596868884540117,223,145,80,143,0.6412556053811659,0.6059782608695652,0.6604113862351335,0.615,0.6140350877192983,0.6143617021276596,0.6232876712328768,84,60,50,91,0.6453900709219859,0.5833333333333334,0.6397261623325453,0.615,0.6241830065359477,0.6273410278745645,0.4748858447488584,139,85,30,52,0.6341463414634146,0.6205357142857143,0.6734538327526132,0.26833586703442924,False,False
eva02_large_patch14_clip_336.merged2b,token,whole_plus_crop,336,logreg_bal_c0.1,none,high_sensitivity,0.26499999999999996,0.5803722504230119,0.6224044648079547,0.5880398671096345,166,202,46,177,0.7937219730941704,0.45108695652173914,0.6727797816338468,0.26499999999999996,0.5719298245614035,0.5745419621749409,0.655367231638418,47,97,25,116,0.8226950354609929,0.3263888888888889,0.6427304964539007,0.26499999999999996,0.5882352941176471,0.6375762195121951,0.49193548387096775,119,105,21,61,0.7439024390243902,0.53125,0.6715483449477352,0.2675983028033544,False,False
eva02_large_patch14_clip_336.merged2b,token,whole_plus_crop,336,logreg_bal_c0.1,label,high_sensitivity,0.26499999999999996,0.5803722504230119,0.6224044648079547,0.5880398671096345,166,202,46,177,0.7937219730941704,0.45108695652173914,0.6727797816338468,0.26499999999999996,0.5719298245614035,0.5745419621749409,0.655367231638418,47,97,25,116,0.8226950354609929,0.3263888888888889,0.6427304964539007,0.26499999999999996,0.5882352941176471,0.6375762195121951,0.49193548387096775,119,105,21,61,0.7439024390243902,0.53125,0.6715483449477352,0.2675983028033544,False,False
eva02_large_patch14_clip_336.merged2b,token,whole_plus_crop,336,logreg_plain_c0.1,label,high_sensitivity,0.26499999999999996,0.5803722504230119,0.6224044648079547,0.5880398671096345,166,202,46,177,0.7937219730941704,0.45108695652173914,0.6727797816338468,0.26499999999999996,0.5719298245614035,0.5745419621749409,0.655367231638418,47,97,25,116,0.8226950354609929,0.3263888888888889,0.6427304964539007,0.26499999999999996,0.5882352941176471,0.6375762195121951,0.49193548387096775,119,105,21,61,0.7439024390243902,0.53125,0.6715483449477352,0.2675983028033544,False,False
eva02_large_patch14_clip_336.merged2b,token,whole_plus_crop,336,logreg_plain_c0.1,domain_label,high_sensitivity,0.26499999999999996,0.5803722504230119,0.621521007993761,0.5866666666666667,167,201,47,176,0.7892376681614349,0.453804347826087,0.6726579255215442,0.26499999999999996,0.5719298245614035,0.5744680851063829,0.6534090909090909,48,96,26,115,0.8156028368794326,0.3333333333333333,0.6424842395587076,0.26499999999999996,0.5882352941176471,0.6375762195121951,0.49193548387096775,119,105,21,61,0.7439024390243902,0.53125,0.6714394599303136,0.26757613968278704,False,False
eva02_large_patch14_clip_336.merged2b,token,whole_plus_crop,336,logreg_bal_c0.3,domain_label_third_up,high_sensitivity,0.24999999999999994,0.5786802030456852,0.6183953987131995,0.5829145728643216,168,200,49,174,0.7802690582959642,0.45652173913043476,0.6681979918112693,0.24999999999999994,0.5719298245614035,0.5743203309692672,0.6494252873563219,50,94,28,113,0.8014184397163121,0.3472222222222222,0.6374113475177304,0.24999999999999994,0.5849673202614379,0.6353440766550522,0.4899598393574297,118,106,21,61,0.7439024390243902,0.5267857142857143,0.6662129790940767,0.2662085758132676,False,False
eva02_large_patch14_clip_336.merged2b,token,whole_plus_crop,336,logreg_bal_c0.3,domain_label,high_sensitivity,0.21999999999999997,0.571912013536379,0.616494443361279,0.5845648604269293,160,208,45,178,0.7982062780269058,0.43478260869565216,0.6701720608305712,0.21999999999999997,0.5719298245614035,0.5745419621749409,0.655367231638418,47,97,25,116,0.8226950354609929,0.3263888888888889,0.6404156816390859,0.21999999999999997,0.5718954248366013,0.6302809233449478,0.48627450980392156,113,111,20,62,0.7560975609756098,0.5044642857142857,0.6688262195121951,0.2621417400969711,False,False
eva02_large_patch14_clip_336.merged2b,token,whole_plus_crop,336,logreg_plain_c0.3,domain_label,high_sensitivity,0.21999999999999997,0.5685279187817259,0.6137770520569312,0.5826513911620295,158,210,45,178,0.7982062780269058,0.42934782608695654,0.6701964320530317,0.21999999999999997,0.5719298245614035,0.5745419621749409,0.655367231638418,47,97,25,116,0.8226950354609929,0.3263888888888889,0.6402186761229314,0.21999999999999997,0.565359477124183,0.625816637630662,0.48249027237354086,111,113,20,62,0.7560975609756098,0.4955357142857143,0.668880662020906,0.2594952648402017,False,False
eva02_large_patch14_clip_336.merged2b,token,whole_plus_crop,336,logreg_bal_c0.3,none,high_sensitivity,0.21499999999999997,0.5668358714043993,0.613301813218951,0.5830618892508144,156,212,44,179,0.8026905829596412,0.42391304347826086,0.6702329888867224,0.21499999999999997,0.5719298245614035,0.5745419621749409,0.655367231638418,47,97,25,116,0.8226950354609929,0.3263888888888889,0.6406126871552404,0.21499999999999997,0.5620915032679739,0.627449912891986,0.4846153846153846,109,115,19,63,0.7682926829268293,0.48660714285714285,0.668880662020906,0.259331652647357,False,False
eva02_large_patch14_clip_336.merged2b,token,whole_plus_crop,336,logreg_bal_c0.3,label,high_sensitivity,0.21499999999999997,0.5668358714043993,0.613301813218951,0.5830618892508144,156,212,44,179,0.8026905829596412,0.42391304347826086,0.6702329888867224,0.21499999999999997,0.5719298245614035,0.5745419621749409,0.655367231638418,47,97,25,116,0.8226950354609929,0.3263888888888889,0.6406126871552404,0.21499999999999997,0.5620915032679739,0.627449912891986,0.4846153846153846,109,115,19,63,0.7682926829268293,0.48660714285714285,0.668880662020906,0.259331652647357,False,False
eva02_large_patch14_clip_336.merged2b,token,whole_plus_crop,336,logreg_plain_c0.3,label,high_sensitivity,0.21499999999999997,0.5668358714043993,0.613301813218951,0.5830618892508144,156,212,44,179,0.8026905829596412,0.42391304347826086,0.6702329888867224,0.21499999999999997,0.5719298245614035,0.5745419621749409,0.655367231638418,47,97,25,116,0.8226950354609929,0.3263888888888889,0.6406126871552404,0.21499999999999997,0.5620915032679739,0.627449912891986,0.4846153846153846,109,115,19,63,0.7682926829268293,0.48660714285714285,0.668880662020906,0.259331652647357,False,False
eva02_large_patch14_clip_336.merged2b,token,whole_plus_crop,336,logreg_plain_c0.1,none,balanced_accuracy,0.3499999999999999,0.6429780033840947,0.6497063267693508,0.5886939571150097,229,139,72,151,0.6771300448430493,0.6222826086956522,0.6742907974263989,0.3499999999999999,0.631578947368421,0.6326093380614657,0.662379421221865,77,67,38,103,0.7304964539007093,0.5347222222222222,0.6452915681639086,0.3499999999999999,0.6535947712418301,0.6319686411149825,0.4752475247524752,152,72,34,48,0.5853658536585366,0.6785714285714286,0.6727460801393728,0.2533529385019422,False,False
eva02_large_patch14_clip_336.merged2b,token,whole_plus_crop,336,logreg_plain_c0.3,none,balanced_accuracy,0.3,0.6328257191201354,0.6424376096705011,0.5834932821497121,222,146,71,152,0.6816143497757847,0.6032608695652174,0.6711103528953013,0.3,0.6140350877192983,0.6151743498817968,0.6496815286624203,73,71,39,102,0.723404255319149,0.5069444444444444,0.6425334909377463,0.3,0.6503267973856209,0.6374673344947734,0.4830917874396135,149,75,32,50,0.6097560975609756,0.6651785714285714,0.6694250871080138,0.2524560676142288,False,False
eva02_large_patch14_clip_336.merged2b,token,whole_plus_crop,336,extra_d3,domain_label_third_up,balanced_accuracy,0.6,0.6412859560067682,0.6342123220900759,0.5601659751037344,244,124,88,135,0.6053811659192825,0.6630434782608695,0.6617578962760773,0.6,0.6070175438596491,0.6069739952718676,0.6028368794326241,88,56,56,85,0.6028368794326241,0.6111111111111112,0.637608353033885,0.6,0.673202614379085,0.6530923344947734,0.5,156,68,32,50,0.6097560975609756,0.6964285714285714,0.6867922473867597,0.2508375719983639,False,False
eva02_large_patch14_clip_336.merged2b,token,whole_plus_crop,336,logreg_plain_c0.01,none,balanced_accuracy,0.4649999999999999,0.6514382402707276,0.6547328914018327,0.5912698412698413,236,132,74,149,0.6681614349775785,0.6413043478260869,0.6820652173913043,0.4649999999999999,0.656140350877193,0.6569887706855791,0.6797385620915033,83,61,37,104,0.7375886524822695,0.5763888888888888,0.6527285263987391,0.4649999999999999,0.6470588235294118,0.6159081010452963,0.45454545454545453,153,71,37,45,0.5487804878048781,0.6830357142857143,0.6782992160278746,0.24742973508265464,False,False
eva02_large_patch14_clip_336.merged2b,token,whole_plus_crop,336,logreg_plain_c0.03,domain_label_third_up,balanced_accuracy,0.48999999999999994,0.6565143824027073,0.6579255215441606,0.593186372745491,240,128,75,148,0.6636771300448431,0.6521739130434783,0.6757774419964905,0.48999999999999994,0.6280701754385964,0.6289893617021276,0.6558441558441559,78,66,40,101,0.7163120567375887,0.5416666666666666,0.6444542947202521,0.48999999999999994,0.6830065359477124,0.6481925087108014,0.49214659685863876,162,62,35,47,0.573170731707317,0.7232142857142857,0.6752504355400697,0.24661081054705392,False,False
eva02_large_patch14_clip_336.merged2b,token,whole_plus_crop,336,extra_d3,label,balanced_accuracy,0.62,0.6598984771573604,0.6412068629362448,0.5562913907284768,264,104,97,126,0.5650224215246636,0.717391304347826,0.6704035874439461,0.62,0.631578947368421,0.6309101654846336,0.6037735849056604,100,44,61,80,0.5673758865248227,0.6944444444444444,0.6455870764381403,0.62,0.6862745098039216,0.6465592334494774,0.48936170212765956,164,60,36,46,0.5609756097560976,0.7321428571428571,0.6933253484320557,0.23936606823922035,False,False
eva02_large_patch14_clip_336.merged2b,token,whole_plus_crop,336,logreg_bal_c0.03,domain_label_third_up,balanced_accuracy,0.5099999999999999,0.6514382402707276,0.6520825209592513,0.5863453815261044,239,129,77,146,0.6547085201793722,0.6494565217391305,0.6757286995515694,0.5099999999999999,0.6210526315789474,0.6218971631205674,0.6470588235294118,78,66,42,99,0.7021276595744681,0.5416666666666666,0.6441095350669818,0.5099999999999999,0.6797385620915033,0.6459603658536586,0.4895833333333333,161,63,35,47,0.573170731707317,0.71875,0.6755226480836237,0.2347388607126223,False,False
eva02_large_patch14_clip_336.merged2b,token,whole_plus_crop,336,extra_d4,domain_label,high_sensitivity,0.605,0.5397631133671743,0.5871453987131995,0.5612903225806452,145,223,49,174,0.7802690582959642,0.39402173913043476,0.6604113862351335,0.605,0.5684210526315789,0.5707003546099291,0.6434782608695652,51,93,30,111,0.7872340425531915,0.3541666666666667,0.6397261623325453,0.605,0.5130718954248366,0.5939677700348432,0.4581818181818182,94,130,19,63,0.7682926829268293,0.41964285714285715,0.6734538327526132,0.23412007963629367,False,False
eva02_large_patch14_clip_336.merged2b,token,whole_plus_crop,336,logreg_plain_c0.01,domain_label_third_up,balanced_accuracy,0.5099999999999999,0.649746192893401,0.652490738935465,0.588469184890656,236,132,75,148,0.6636771300448431,0.6413043478260869,0.6796890232014038,0.5099999999999999,0.631578947368421,0.6325354609929078,0.6601941747572816,78,66,39,102,0.723404255319149,0.5416666666666666,0.64701536643026,0.5099999999999999,0.6666666666666666,0.6331663763066202,0.4742268041237113,158,66,36,46,0.5609756097560976,0.7053571428571429,0.6810213414634148,0.23191423112139453,False,False
eva02_large_patch14_clip_336.merged2b,token,whole_plus_crop,336,logreg_bal_c0.003,domain_label_third_up,balanced_accuracy,0.57,0.6683587140439933,0.6577183661532462,0.5829787234042553,258,110,86,137,0.6143497757847534,0.7010869565217391,0.6853797036459349,0.57,0.6421052631578947,0.6422872340425532,0.6458333333333334,90,54,48,93,0.6595744680851063,0.625,0.6549940898345155,0.57,0.6928104575163399,0.6432926829268293,0.4835164835164835,168,56,38,44,0.5365853658536586,0.75,0.6882077526132405,0.23134774823721493,False,False
eva02_large_patch14_clip_336.merged2b,token,whole_plus_crop,336,logreg_bal_c0.01,none,balanced_accuracy,0.5099999999999999,0.6463620981387479,0.6524237180736985,0.5909980430528375,231,137,72,151,0.6771300448430493,0.6277173913043478,0.6817118346656268,0.5099999999999999,0.631578947368421,0.6327570921985816,0.6666666666666666,75,69,36,105,0.7446808510638298,0.5208333333333334,0.6506107171000788,0.5099999999999999,0.6601307189542484,0.6287020905923345,0.46938775510204084,156,68,36,46,0.5609756097560976,0.6964285714285714,0.6794969512195123,0.22933424522632728,False,False
eva02_large_patch14_clip_336.merged2b,token,whole_plus_crop,336,logreg_bal_c0.01,label,balanced_accuracy,0.5099999999999999,0.6463620981387479,0.6524237180736985,0.5909980430528375,231,137,72,151,0.6771300448430493,0.6277173913043478,0.6817118346656268,0.5099999999999999,0.631578947368421,0.6327570921985816,0.6666666666666666,75,69,36,105,0.7446808510638298,0.5208333333333334,0.6506107171000788,0.5099999999999999,0.6601307189542484,0.6287020905923345,0.46938775510204084,156,68,36,46,0.5609756097560976,0.6964285714285714,0.6794969512195123,0.22933424522632728,False,False
eva02_large_patch14_clip_336.merged2b,token,whole_plus_crop,336,logreg_plain_c0.01,label,balanced_accuracy,0.5099999999999999,0.6463620981387479,0.6524237180736985,0.5909980430528375,231,137,72,151,0.6771300448430493,0.6277173913043478,0.6817118346656268,0.5099999999999999,0.631578947368421,0.6327570921985816,0.6666666666666666,75,69,36,105,0.7446808510638298,0.5208333333333334,0.6506107171000788,0.5099999999999999,0.6601307189542484,0.6287020905923345,0.46938775510204084,156,68,36,46,0.5609756097560976,0.6964285714285714,0.6794969512195123,0.22933424522632728,False,False
eva02_large_patch14_clip_336.merged2b,token,whole_plus_crop,336,logreg_plain_c0.003,domain_label_third_up,balanced_accuracy,0.5599999999999999,0.6683587140439933,0.6586018229674401,0.5847457627118644,257,111,85,138,0.6188340807174888,0.6983695652173914,0.685428446090856,0.5599999999999999,0.6385964912280702,0.6388888888888888,0.6460481099656358,88,56,47,94,0.6666666666666666,0.6111111111111112,0.6553881008668243,0.5599999999999999,0.696078431372549,0.6455248257839721,0.4861878453038674,169,55,38,44,0.5365853658536586,0.7544642857142857,0.6873911149825783,0.22744095600371084,False,False
eva02_large_patch14_clip_336.merged2b,token,whole_plus_crop,336,logreg_bal_c0.1,domain_label,balanced_accuracy,0.4649999999999999,0.649746192893401,0.6489569116786897,0.5818181818181818,240,128,79,144,0.6457399103139013,0.6521739130434783,0.6725848118541626,0.4649999999999999,0.624561403508772,0.6252955082742317,0.6468646864686468,80,64,43,98,0.6950354609929078,0.5555555555555556,0.642434988179669,0.4649999999999999,0.673202614379085,0.637630662020906,0.4791666666666667,160,64,36,46,0.5609756097560976,0.7142857142857143,0.6711672473867596,0.22396766793098233,False,False
eva02_large_patch14_clip_336.merged2b,token,whole_plus_crop,336,logreg_plain_c0.1,domain_label,balanced_accuracy,0.4699999999999999,0.649746192893401,0.6489569116786897,0.5818181818181818,240,128,79,144,0.6457399103139013,0.6521739130434783,0.6726579255215442,0.4699999999999999,0.624561403508772,0.6252955082742317,0.6468646864686468,80,64,43,98,0.6950354609929078,0.5555555555555556,0.6424842395587076,0.4699999999999999,0.673202614379085,0.637630662020906,0.4791666666666667,160,64,36,46,0.5609756097560976,0.7142857142857143,0.6714394599303136,0.22396766793098233,False,False
eva02_large_patch14_clip_336.merged2b,token,whole_plus_crop,336,logreg_bal_c0.01,domain_label,balanced_accuracy,0.5249999999999999,0.6531302876480541,0.6543246734256191,0.5891783567134269,239,129,76,147,0.6591928251121076,0.6494565217391305,0.6822601871709885,0.5249999999999999,0.6456140350877193,0.6464982269503546,0.6710097719869706,81,63,38,103,0.7304964539007093,0.5625,0.6515464933018125,0.5249999999999999,0.6601307189542484,0.6209712543554007,0.4583333333333333,158,66,38,44,0.5365853658536586,0.7053571428571429,0.6800413763066202,0.22358919614149797,False,False
eva02_large_patch14_clip_336.merged2b,token,whole_plus_crop,336,extra_d3,domain_label,high_sensitivity,0.61,0.5245346869712352,0.584635162799766,0.5683563748079877,125,243,38,185,0.8295964125560538,0.33967391304347827,0.667430298303763,0.61,0.5543859649122806,0.5571808510638298,0.6462395543175488,42,102,25,116,0.8226950354609929,0.2916666666666667,0.6444050433412136,0.61,0.49673202614379086,0.6059995644599303,0.4726027397260274,83,141,13,69,0.8414634146341463,0.3705357142857143,0.6869555749128919,0.21356368778062296,False,False
eva02_large_patch14_clip_336.merged2b,token,whole_plus_crop,336,logreg_bal_c0.003,domain_label,balanced_accuracy,0.5499999999999999,0.6548223350253807,0.6503826281926302,0.5802469135802469,246,122,82,141,0.6322869955156951,0.6684782608695652,0.6887063755117958,0.5499999999999999,0.6210526315789474,0.6216755319148937,0.64,81,63,45,96,0.6808510638297872,0.5625,0.6621847911741529,0.5499999999999999,0.6862745098039216,0.6426938153310104,0.4838709677419355,165,59,37,45,0.5487804878048781,0.7366071428571429,0.6851589721254355,0.2106093518341705,False,False
eva02_large_patch14_clip_336.merged2b,token,whole_plus_crop,336,logreg_plain_c0.003,domain_label,balanced_accuracy,0.5499999999999999,0.6548223350253807,0.6503826281926302,0.5802469135802469,246,122,82,141,0.6322869955156951,0.6684782608695652,0.6886332618444141,0.5499999999999999,0.6210526315789474,0.6216755319148937,0.64,81,63,45,96,0.6808510638297872,0.5625,0.6623817966903073,0.5499999999999999,0.6862745098039216,0.6426938153310104,0.4838709677419355,165,59,37,45,0.5487804878048781,0.7366071428571429,0.6852134146341463,0.2106093518341705,False,False
eva02_large_patch14_clip_336.merged2b,token,whole_plus_crop,336,logreg_bal_c0.003,domain_label_third_up,accuracy,0.58,0.6717428087986463,0.6569019302008188,0.5782608695652174,264,104,90,133,0.5964125560538116,0.717391304347826,0.6853797036459349,0.58,0.6421052631578947,0.6421394799054374,0.6408450704225352,92,52,50,91,0.6453900709219859,0.6388888888888888,0.6549940898345155,0.58,0.6993464052287581,0.6400261324041812,0.4772727272727273,172,52,40,42,0.5121951219512195,0.7678571428571429,0.6882077526132405,0.2072404024793305,False,False
eva02_large_patch14_clip_336.merged2b,token,whole_plus_crop,336,logreg_plain_c0.003,none,balanced_accuracy,0.5249999999999999,0.6548223350253807,0.6486157145642426,0.5767634854771784,248,120,84,139,0.6233183856502242,0.6739130434782609,0.6884017352310392,0.5249999999999999,0.6280701754385964,0.6285460992907801,0.6418918918918919,84,60,46,95,0.6737588652482269,0.5833333333333334,0.663810086682427,0.5249999999999999,0.6797385620915033,0.6343641114982579,0.4731182795698925,164,60,38,44,0.5365853658536586,0.7321428571428571,0.6823824041811846,0.20509035203498638,False,False
eva02_large_patch14_clip_336.merged2b,token,whole_plus_crop,336,logreg_plain_c0.01,domain_label,balanced_accuracy,0.5299999999999999,0.649746192893401,0.6498403684928836,0.5835010060362174,239,129,78,145,0.6502242152466368,0.6494565217391305,0.6824064145057516,0.5299999999999999,0.6421052631578947,0.6429521276595744,0.6666666666666666,81,63,39,102,0.723404255319149,0.5625,0.6519405043341213,0.5299999999999999,0.6568627450980392,0.6148736933797909,0.450261780104712,158,66,39,43,0.524390243902439,0.7053571428571429,0.6801502613240418,0.20363685502333018,False,False
eva02_large_patch14_clip_336.merged2b,token,whole_plus_crop,336,logreg_bal_c0.3,domain_label_third_up,balanced_accuracy,0.48999999999999994,0.6480541455160744,0.6431809319555468,0.5720164609053497,244,124,84,139,0.6233183856502242,0.6630434782608695,0.6681979918112693,0.48999999999999994,0.6175438596491228,0.6180555555555556,0.632996632996633,82,62,47,94,0.6666666666666666,0.5694444444444444,0.6374113475177304,0.48999999999999994,0.6764705882352942,0.6359973867595818,0.47619047619047616,162,62,37,45,0.5487804878048781,0.7232142857142857,0.6662129790940767,0.20134311972542562,False,False
eva02_large_patch14_clip_336.merged2b,token,whole_plus_crop,336,logreg_bal_c0.03,none,balanced_accuracy,0.5299999999999999,0.6531302876480541,0.6490239325404563,0.5790554414784395,245,123,82,141,0.6322869955156951,0.6657608695652174,0.6770447455644375,0.5299999999999999,0.624561403508772,0.6252216312056738,0.6445182724252492,81,63,44,97,0.6879432624113475,0.5625,0.6462273443656422,0.5299999999999999,0.6797385620915033,0.6343641114982579,0.4731182795698925,164,60,38,44,0.5365853658536586,0.7321428571428571,0.6741615853658537,0.19988248529366515,False,False
eva02_large_patch14_clip_336.merged2b,token,whole_plus_crop,336,logreg_bal_c0.03,label,balanced_accuracy,0.5299999999999999,0.6531302876480541,0.6490239325404563,0.5790554414784395,245,123,82,141,0.6322869955156951,0.6657608695652174,0.6770447455644375,0.5299999999999999,0.624561403508772,0.6252216312056738,0.6445182724252492,81,63,44,97,0.6879432624113475,0.5625,0.6462273443656422,0.5299999999999999,0.6797385620915033,0.6343641114982579,0.4731182795698925,164,60,38,44,0.5365853658536586,0.7321428571428571,0.6741615853658537,0.19988248529366515,False,False
eva02_large_patch14_clip_336.merged2b,token,whole_plus_crop,336,logreg_plain_c0.03,label,balanced_accuracy,0.5299999999999999,0.6531302876480541,0.6490239325404563,0.5790554414784395,245,123,82,141,0.6322869955156951,0.6657608695652174,0.6770447455644375,0.5299999999999999,0.624561403508772,0.6252216312056738,0.6445182724252492,81,63,44,97,0.6879432624113475,0.5625,0.6462273443656422,0.5299999999999999,0.6797385620915033,0.6343641114982579,0.4731182795698925,164,60,38,44,0.5365853658536586,0.7321428571428571,0.6741615853658537,0.19988248529366515,False,False
eva02_large_patch14_clip_336.merged2b,token,whole_plus_crop,336,logreg_plain_c0.3,domain_label,balanced_accuracy,0.5349999999999999,0.6598984771573604,0.6482745174497953,0.5714285714285714,256,112,89,134,0.600896860986547,0.6956521739130435,0.6701964320530317,0.5349999999999999,0.631578947368421,0.6317228132387707,0.6341463414634146,89,55,50,91,0.6453900709219859,0.6180555555555556,0.6402186761229314,0.5349999999999999,0.6862745098039216,0.6349629790940767,0.4725274725274725,167,57,39,43,0.524390243902439,0.7455357142857143,0.668880662020906,0.19954562040518276,False,False
eva02_large_patch14_clip_336.merged2b,token,whole_plus_crop,336,extra_d4,label,high_sensitivity,0.6,0.5296108291032149,0.5798766816143498,0.5573248407643312,138,230,48,175,0.7847533632286996,0.375,0.6590587833885747,0.6,0.543859649122807,0.5464686761229315,0.632768361581921,43,101,29,112,0.7943262411347518,0.2986111111111111,0.6390858944050434,0.6,0.5163398692810458,0.596199912891986,0.45985401459854014,95,129,19,63,0.7682926829268293,0.42410714285714285,0.6718205574912892,0.19870012950805283,False,False
eva02_large_patch14_clip_336.merged2b,token,whole_plus_crop,336,logreg_bal_c0.1,none,balanced_accuracy,0.49499999999999994,0.6514382402707276,0.6467817800740885,0.5761316872427984,245,123,83,140,0.6278026905829597,0.6657608695652174,0.6727797816338468,0.49499999999999994,0.624561403508772,0.6251477541371158,0.6421404682274248,82,62,45,96,0.6808510638297872,0.5694444444444444,0.6427304964539007,0.49499999999999994,0.6764705882352942,0.632131968641115,0.47058823529411764,163,61,38,44,0.5365853658536586,0.7276785714285714,0.6715483449477352,0.19853708454471297,False,False
eva02_large_patch14_clip_336.merged2b,token,whole_plus_crop,336,logreg_bal_c0.1,label,balanced_accuracy,0.49499999999999994,0.6514382402707276,0.6467817800740885,0.5761316872427984,245,123,83,140,0.6278026905829597,0.6657608695652174,0.6727797816338468,0.49499999999999994,0.624561403508772,0.6251477541371158,0.6421404682274248,82,62,45,96,0.6808510638297872,0.5694444444444444,0.6427304964539007,0.49499999999999994,0.6764705882352942,0.632131968641115,0.47058823529411764,163,61,38,44,0.5365853658536586,0.7276785714285714,0.6715483449477352,0.19853708454471297,False,False
eva02_large_patch14_clip_336.merged2b,token,whole_plus_crop,336,logreg_plain_c0.1,label,balanced_accuracy,0.49499999999999994,0.6514382402707276,0.6467817800740885,0.5761316872427984,245,123,83,140,0.6278026905829597,0.6657608695652174,0.6727797816338468,0.49499999999999994,0.624561403508772,0.6251477541371158,0.6421404682274248,82,62,45,96,0.6808510638297872,0.5694444444444444,0.6427304964539007,0.49499999999999994,0.6764705882352942,0.632131968641115,0.47058823529411764,163,61,38,44,0.5365853658536586,0.7276785714285714,0.6715483449477352,0.19853708454471297,False,False
eva02_large_patch14_clip_336.merged2b,token,whole_plus_crop,336,logreg_bal_c0.1,domain_label_third_up,balanced_accuracy,0.49499999999999994,0.6480541455160744,0.6440643887697407,0.5737704918032787,243,125,83,140,0.6278026905829597,0.6603260869565217,0.6713418795086761,0.49499999999999994,0.6140350877192983,0.6146572104018913,0.6333333333333333,80,64,46,95,0.6737588652482269,0.5555555555555556,0.6396769109535068,0.49499999999999994,0.6797385620915033,0.6382295296167247,0.4787234042553192,163,61,37,45,0.5487804878048781,0.7276785714285714,0.670241724738676,0.19743632749192153,False,False
eva02_large_patch14_clip_336.merged2b,token,whole_plus_crop,336,logreg_plain_c0.3,domain_label_third_up,balanced_accuracy,0.48499999999999993,0.6531302876480541,0.645490105283681,0.5720250521920668,249,119,86,137,0.6143497757847534,0.6766304347826086,0.6687097874829401,0.48499999999999993,0.6210526315789474,0.6214539007092199,0.6326530612244898,84,60,48,93,0.6595744680851063,0.5833333333333334,0.6381501182033097,0.48499999999999993,0.6830065359477124,0.6365962543554007,0.4756756756756757,165,59,38,44,0.5365853658536586,0.7366071428571429,0.6667029616724739,0.19586487745732417,False,False
eva02_large_patch14_clip_336.merged2b,token,whole_plus_crop,336,logreg_bal_c0.03,domain_label,balanced_accuracy,0.5349999999999999,0.6565143824027073,0.6499744102164164,0.577962577962578,249,119,84,139,0.6233183856502242,0.6766304347826086,0.6768985182296745,0.5349999999999999,0.6280701754385964,0.6286199763593381,0.6442953020134228,83,61,45,96,0.6808510638297872,0.5763888888888888,0.6467691095350669,0.5349999999999999,0.6830065359477124,0.6327308362369338,0.46994535519125685,166,58,39,43,0.524390243902439,0.7410714285714286,0.6739438153310106,0.19308100539717887,False,False
eva02_large_patch14_clip_336.merged2b,token,whole_plus_crop,336,logreg_plain_c0.03,domain_label,balanced_accuracy,0.5399999999999999,0.6565143824027073,0.6499744102164164,0.577962577962578,249,119,84,139,0.6233183856502242,0.6766304347826086,0.6768132189510626,0.5399999999999999,0.6280701754385964,0.6286199763593381,0.6442953020134228,83,61,45,96,0.6808510638297872,0.5763888888888888,0.6462273443656422,0.5399999999999999,0.6830065359477124,0.6327308362369338,0.46994535519125685,166,58,39,43,0.524390243902439,0.7410714285714286,0.6740527003484321,0.19308100539717887,False,False
eva02_large_patch14_clip_336.merged2b,token,whole_plus_crop,336,logreg_bal_c0.003,none,balanced_accuracy,0.58,0.6632825719120136,0.6509919087541431,0.5738758029978587,258,110,89,134,0.600896860986547,0.7010869565217391,0.6884626632871904,0.58,0.6350877192982456,0.6352689125295509,0.6388888888888888,89,55,49,92,0.6524822695035462,0.6180555555555556,0.6618400315208826,0.58,0.6895424836601307,0.6333297038327526,0.4692737430167598,169,55,40,42,0.5121951219512195,0.7544642857142857,0.6859756097560975,0.19278846674983152,False,False
eva02_large_patch14_clip_336.merged2b,token,whole_plus_crop,336,logreg_bal_c0.003,label,balanced_accuracy,0.58,0.6632825719120136,0.6509919087541431,0.5738758029978587,258,110,89,134,0.600896860986547,0.7010869565217391,0.6884626632871904,0.58,0.6350877192982456,0.6352689125295509,0.6388888888888888,89,55,49,92,0.6524822695035462,0.6180555555555556,0.6618400315208826,0.58,0.6895424836601307,0.6333297038327526,0.4692737430167598,169,55,40,42,0.5121951219512195,0.7544642857142857,0.6859756097560975,0.19278846674983152,False,False
eva02_large_patch14_clip_336.merged2b,token,whole_plus_crop,336,logreg_plain_c0.003,label,balanced_accuracy,0.58,0.6632825719120136,0.6509919087541431,0.5738758029978587,258,110,89,134,0.600896860986547,0.7010869565217391,0.6884626632871904,0.58,0.6350877192982456,0.6352689125295509,0.6388888888888888,89,55,49,92,0.6524822695035462,0.6180555555555556,0.6618400315208826,0.58,0.6895424836601307,0.6333297038327526,0.4692737430167598,169,55,40,42,0.5121951219512195,0.7544642857142857,0.6859756097560975,0.19278846674983152,False,False
eva02_large_patch14_clip_336.merged2b,token,whole_plus_crop,336,logreg_plain_c0.003,domain_label_third_up,accuracy,0.585,0.6734348561759729,0.6547267985962175,0.5720620842572062,269,99,94,129,0.57847533632287,0.7309782608695652,0.685428446090856,0.585,0.6385964912280702,0.6384456264775413,0.6308243727598566,94,50,53,88,0.624113475177305,0.6527777777777778,0.6553881008668243,0.585,0.7058823529411765,0.640625,0.47674418604651164,175,49,41,41,0.5,0.78125,0.6873911149825783,0.19121344800518192,False,False
eva02_large_patch14_clip_336.merged2b,token,whole_plus_crop,336,logreg_plain_c0.03,none,balanced_accuracy,0.4499999999999999,0.6615905245346869,0.6540504971729382,0.5815899581589958,252,116,84,139,0.6233183856502242,0.6847826086956522,0.6777880678494833,0.4499999999999999,0.6456140350877193,0.646128841607565,0.6599326599326599,86,58,43,98,0.6950354609929078,0.5972222222222222,0.648542159180457,0.4499999999999999,0.6764705882352942,0.6205357142857143,0.4530386740331492,166,58,41,41,0.5,0.7410714285714286,0.6743793554006969,0.19003032652030571,False,False
eva02_large_patch14_clip_336.merged2b,token,whole_plus_crop,336,logreg_plain_c0.1,domain_label_third_up,balanced_accuracy,0.49999999999999994,0.6531302876480541,0.6446066484694872,0.570230607966457,250,118,87,136,0.6098654708520179,0.6793478260869565,0.6718293039578865,0.49999999999999994,0.6140350877192983,0.6144355791962175,0.6258503401360545,83,61,49,92,0.6524822695035462,0.5763888888888888,0.640021670606777,0.49999999999999994,0.6895424836601307,0.6410605400696865,0.4808743169398907,167,57,38,44,0.5365853658536586,0.7455357142857143,0.6706772648083623,0.1879848036286138,False,False
eva02_large_patch14_clip_336.merged2b,token,whole_plus_crop,336,logreg_bal_c0.3,domain_label,balanced_accuracy,0.5299999999999999,0.6598984771573604,0.6473910606356015,0.569593147751606,257,111,90,133,0.5964125560538116,0.6983695652173914,0.6701720608305712,0.5299999999999999,0.631578947368421,0.6317228132387707,0.6341463414634146,89,55,50,91,0.6453900709219859,0.6180555555555556,0.6404156816390859,0.5299999999999999,0.6862745098039216,0.6310975609756098,0.4666666666666667,168,56,40,42,0.5121951219512195,0.75,0.6688262195121951,0.18619087301842308,False,False
eva02_large_patch14_clip_336.merged2b,token,whole_plus_crop,336,extra_d4,none,balanced_accuracy,0.49999999999999994,0.6531302876480541,0.6295878826281927,0.5372460496613995,267,101,104,119,0.5336322869955157,0.7255434782608695,0.6802251900955352,0.49999999999999994,0.6105263157894737,0.6097074468085106,0.5747126436781609,99,45,66,75,0.5319148936170213,0.6875,0.6515957446808511,0.49999999999999994,0.6928104575163399,0.6432926829268293,0.4835164835164835,168,56,38,44,0.5365853658536586,0.75,0.7075348432055749,0.1836790752248969,False,False
eva02_large_patch14_clip_336.merged2b,token,whole_plus_crop,336,logreg_bal_c0.3,none,balanced_accuracy,0.5349999999999999,0.6598984771573604,0.6473910606356015,0.569593147751606,257,111,90,133,0.5964125560538116,0.6983695652173914,0.6702329888867224,0.5349999999999999,0.6280701754385964,0.6282505910165486,0.6319444444444444,88,56,50,91,0.6453900709219859,0.6111111111111112,0.6406126871552404,0.5349999999999999,0.6895424836601307,0.6333297038327526,0.4692737430167598,169,55,40,42,0.5121951219512195,0.7544642857142857,0.668880662020906,0.18226191766435174,False,False
eva02_large_patch14_clip_336.merged2b,token,whole_plus_crop,336,logreg_bal_c0.3,label,balanced_accuracy,0.5349999999999999,0.6598984771573604,0.6473910606356015,0.569593147751606,257,111,90,133,0.5964125560538116,0.6983695652173914,0.6702329888867224,0.5349999999999999,0.6280701754385964,0.6282505910165486,0.6319444444444444,88,56,50,91,0.6453900709219859,0.6111111111111112,0.6406126871552404,0.5349999999999999,0.6895424836601307,0.6333297038327526,0.4692737430167598,169,55,40,42,0.5121951219512195,0.7544642857142857,0.668880662020906,0.18226191766435174,False,False
eva02_large_patch14_clip_336.merged2b,token,whole_plus_crop,336,logreg_plain_c0.3,label,balanced_accuracy,0.5349999999999999,0.6598984771573604,0.6473910606356015,0.569593147751606,257,111,90,133,0.5964125560538116,0.6983695652173914,0.6702329888867224,0.5349999999999999,0.6280701754385964,0.6282505910165486,0.6319444444444444,88,56,50,91,0.6453900709219859,0.6111111111111112,0.6406126871552404,0.5349999999999999,0.6895424836601307,0.6333297038327526,0.4692737430167598,169,55,40,42,0.5121951219512195,0.7544642857142857,0.668880662020906,0.18226191766435174,False,False
eva02_large_patch14_clip_336.merged2b,token,whole_plus_crop,336,extra_d3,domain_label,balanced_accuracy,0.625,0.6514382402707276,0.6282291869760187,0.536036036036036,266,102,104,119,0.5336322869955157,0.7228260869565217,0.667430298303763,0.625,0.6175438596491228,0.616725768321513,0.5823754789272031,100,44,65,76,0.5390070921985816,0.6944444444444444,0.6444050433412136,0.625,0.6830065359477124,0.6327308362369338,0.46994535519125685,166,58,39,43,0.524390243902439,0.7410714285714286,0.6869555749128919,0.1768811640384631,False,False
eva02_large_patch14_clip_336.merged2b,token,whole_plus_crop,336,logreg_plain_c0.1,none,accuracy,0.4799999999999999,0.6666666666666666,0.6475251023591343,0.5631929046563193,267,101,96,127,0.5695067264573991,0.7255434782608695,0.6742907974263989,0.4799999999999999,0.631578947368421,0.631427304964539,0.6236559139784946,93,51,54,87,0.6170212765957447,0.6458333333333334,0.6452915681639086,0.4799999999999999,0.6993464052287581,0.6322952961672474,0.46511627906976744,174,50,42,40,0.4878048780487805,0.7767857142857143,0.6727460801393728,0.16468567627617337,False,False
eva02_large_patch14_clip_336.merged2b,token,whole_plus_crop,336,logreg_plain_c0.3,none,accuracy,0.48999999999999994,0.6649746192893401,0.6399822090076038,0.547945205479452,273,95,103,120,0.5381165919282511,0.7418478260869565,0.6711103528953013,0.48999999999999994,0.6210526315789474,0.6204934988179669,0.5970149253731343,97,47,61,80,0.5673758865248227,0.6736111111111112,0.6425334909377463,0.48999999999999994,0.7058823529411765,0.636759581881533,0.47058823529411764,176,48,42,40,0.4878048780487805,0.7857142857142857,0.6694250871080138,0.15142043074160272,False,False
eva02_large_patch14_clip_336.merged2b,token,whole_plus_crop,336,extra_d2,label,accuracy,0.625,0.6700507614213198,0.6316899005654123,0.5208845208845209,290,78,117,106,0.47533632286995514,0.7880434782608695,0.6860011698186781,0.625,0.6175438596491228,0.6160608747044918,0.551440329218107,109,35,74,67,0.475177304964539,0.7569444444444444,0.6528270291568163,0.625,0.7189542483660131,0.6418227351916377,0.47560975609756095,181,43,43,39,0.47560975609756095,0.8080357142857143,0.7188044425087108,0.1378183203185499,False,False
eva02_large_patch14_clip_336.merged2b,token,whole_plus_crop,336,logreg_plain_c0.01,none,accuracy,0.57,0.6717428087986463,0.6436500779879119,0.5488372093023256,279,89,105,118,0.5291479820627802,0.7581521739130435,0.6820652173913043,0.57,0.6280701754385964,0.6275118203309693,0.6044776119402985,98,46,60,81,0.574468085106383,0.6805555555555556,0.6527285263987391,0.57,0.7124183006535948,0.6296276132404182,0.4567901234567901,181,43,45,37,0.45121951219512196,0.8080357142857143,0.6782992160278746,0.12452921292357294,False,False
eva02_large_patch14_clip_336.merged2b,token,whole_plus_crop,336,logreg_plain_c0.03,none,accuracy,0.5599999999999999,0.676818950930626,0.6450757945018523,0.5463182897862233,285,83,108,115,0.515695067264574,0.7744565217391305,0.6777880678494833,0.5599999999999999,0.624561403508772,0.6238179669030732,0.5931558935361216,100,44,63,78,0.5531914893617021,0.6944444444444444,0.648542159180457,0.5599999999999999,0.7254901960784313,0.6385561846689896,0.46835443037974683,185,39,45,37,0.45121951219512196,0.8258928571428571,0.6743793554006969,0.12450348109295356,False,False
eva02_large_patch14_clip_336.merged2b,token,whole_plus_crop,336,logreg_plain_c0.03,domain_label_third_up,accuracy,0.615,0.6700507614213198,0.6405244687073504,0.5433255269320844,280,88,107,116,0.5201793721973094,0.7608695652173914,0.6757774419964905,0.615,0.6210526315789474,0.620419621749409,0.5939849624060151,98,46,62,79,0.5602836879432624,0.6805555555555556,0.6444542947202521,0.615,0.7156862745098039,0.631859756097561,0.45962732919254656,182,42,45,37,0.45121951219512196,0.8125,0.6752504355400697,0.11530373834591062,False,False
eva02_large_patch14_clip_336.merged2b,token,whole_plus_crop,336,logreg_bal_c0.01,domain_label_third_up,accuracy,0.62,0.6683587140439933,0.6426996003119516,0.5504587155963303,275,93,103,120,0.5381165919282511,0.7472826086956522,0.6798108793137064,0.62,0.6210526315789474,0.6207151300236406,0.6058394160583942,94,50,58,83,0.5886524822695035,0.6527777777777778,0.6470646178092987,0.62,0.7124183006535948,0.6296276132404182,0.4567901234567901,181,43,45,37,0.45121951219512196,0.8080357142857143,0.681456881533101,0.11406915319979555,False,False
eva02_large_patch14_clip_336.merged2b,token,whole_plus_crop,336,logreg_bal_c0.03,domain_label_third_up,accuracy,0.62,0.6683587140439933,0.6400492298693703,0.5441860465116279,278,90,106,117,0.5246636771300448,0.7554347826086957,0.6757286995515694,0.62,0.6210526315789474,0.6204934988179669,0.5970149253731343,97,47,61,80,0.5673758865248227,0.6736111111111112,0.6441095350669818,0.62,0.7124183006535948,0.6296276132404182,0.4567901234567901,181,43,45,37,0.45121951219512196,0.8080357142857143,0.6755226480836237,0.11400266383809338,False,False
eva02_large_patch14_clip_336.merged2b,token,whole_plus_crop,336,logreg_bal_c0.3,none,accuracy,0.6499999999999999,0.6649746192893401,0.6337980113082473,0.5330188679245284,280,88,110,113,0.5067264573991032,0.7608695652173914,0.6702329888867224,0.6499999999999999,0.6210526315789474,0.6201979905437351,0.5846153846153846,101,43,65,76,0.5390070921985816,0.7013888888888888,0.6406126871552404,0.6499999999999999,0.7058823529411765,0.6251633275261325,0.45121951219512196,179,45,45,37,0.45121951219512196,0.7991071428571429,0.668880662020906,0.11126753609905443,False,False
eva02_large_patch14_clip_336.merged2b,token,whole_plus_crop,336,logreg_bal_c0.3,label,accuracy,0.6499999999999999,0.6649746192893401,0.6337980113082473,0.5330188679245284,280,88,110,113,0.5067264573991032,0.7608695652173914,0.6702329888867224,0.6499999999999999,0.6210526315789474,0.6201979905437351,0.5846153846153846,101,43,65,76,0.5390070921985816,0.7013888888888888,0.6406126871552404,0.6499999999999999,0.7058823529411765,0.6251633275261325,0.45121951219512196,179,45,45,37,0.45121951219512196,0.7991071428571429,0.668880662020906,0.11126753609905443,False,False
eva02_large_patch14_clip_336.merged2b,token,whole_plus_crop,336,logreg_bal_c0.3,domain_label,accuracy,0.6499999999999999,0.6649746192893401,0.6337980113082473,0.5330188679245284,280,88,110,113,0.5067264573991032,0.7608695652173914,0.6701720608305712,0.6499999999999999,0.6210526315789474,0.6201979905437351,0.5846153846153846,101,43,65,76,0.5390070921985816,0.7013888888888888,0.6404156816390859,0.6499999999999999,0.7058823529411765,0.6251633275261325,0.45121951219512196,179,45,45,37,0.45121951219512196,0.7991071428571429,0.6688262195121951,0.11126753609905443,False,False
eva02_large_patch14_clip_336.merged2b,token,whole_plus_crop,336,logreg_plain_c0.3,label,accuracy,0.6499999999999999,0.6649746192893401,0.6337980113082473,0.5330188679245284,280,88,110,113,0.5067264573991032,0.7608695652173914,0.6702329888867224,0.6499999999999999,0.6210526315789474,0.6201979905437351,0.5846153846153846,101,43,65,76,0.5390070921985816,0.7013888888888888,0.6406126871552404,0.6499999999999999,0.7058823529411765,0.6251633275261325,0.45121951219512196,179,45,45,37,0.45121951219512196,0.7991071428571429,0.668880662020906,0.11126753609905443,False,False
eva02_large_patch14_clip_336.merged2b,token,whole_plus_crop,336,logreg_plain_c0.3,domain_label,accuracy,0.6549999999999999,0.6649746192893401,0.6337980113082473,0.5330188679245284,280,88,110,113,0.5067264573991032,0.7608695652173914,0.6701964320530317,0.6549999999999999,0.6210526315789474,0.6201979905437351,0.5846153846153846,101,43,65,76,0.5390070921985816,0.7013888888888888,0.6402186761229314,0.6549999999999999,0.7058823529411765,0.6251633275261325,0.45121951219512196,179,45,45,37,0.45121951219512196,0.7991071428571429,0.668880662020906,0.11126753609905443,False,False
eva02_large_patch14_clip_336.merged2b,token,whole_plus_crop,336,logreg_bal_c0.03,none,accuracy,0.6549999999999999,0.6734348561759729,0.6388245759407292,0.5349397590361445,287,81,112,111,0.4977578475336323,0.779891304347826,0.6770447455644375,0.6549999999999999,0.6140350877192983,0.6131796690307328,0.5769230769230769,100,44,66,75,0.5319148936170213,0.6944444444444444,0.6462273443656422,0.6549999999999999,0.7287581699346405,0.6369229094076655,0.4645161290322581,187,37,46,36,0.43902439024390244,0.8348214285714286,0.6741615853658537,0.09664890302550794,False,False
eva02_large_patch14_clip_336.merged2b,token,whole_plus_crop,336,logreg_bal_c0.03,label,accuracy,0.6549999999999999,0.6734348561759729,0.6388245759407292,0.5349397590361445,287,81,112,111,0.4977578475336323,0.779891304347826,0.6770447455644375,0.6549999999999999,0.6140350877192983,0.6131796690307328,0.5769230769230769,100,44,66,75,0.5319148936170213,0.6944444444444444,0.6462273443656422,0.6549999999999999,0.7287581699346405,0.6369229094076655,0.4645161290322581,187,37,46,36,0.43902439024390244,0.8348214285714286,0.6741615853658537,0.09664890302550794,False,False
eva02_large_patch14_clip_336.merged2b,token,whole_plus_crop,336,logreg_plain_c0.03,label,accuracy,0.6549999999999999,0.6734348561759729,0.6388245759407292,0.5349397590361445,287,81,112,111,0.4977578475336323,0.779891304347826,0.6770447455644375,0.6549999999999999,0.6140350877192983,0.6131796690307328,0.5769230769230769,100,44,66,75,0.5319148936170213,0.6944444444444444,0.6462273443656422,0.6549999999999999,0.7287581699346405,0.6369229094076655,0.4645161290322581,187,37,46,36,0.43902439024390244,0.8348214285714286,0.6741615853658537,0.09664890302550794,False,False
eva02_large_patch14_clip_336.merged2b,token,whole_plus_crop,336,logreg_bal_c0.03,domain_label,accuracy,0.6649999999999999,0.6734348561759729,0.6379411191265354,0.5326876513317191,288,80,113,110,0.49327354260089684,0.782608695652174,0.6768985182296745,0.6649999999999999,0.6140350877192983,0.613105791962175,0.5736434108527132,101,43,67,74,0.524822695035461,0.7013888888888888,0.6467691095350669,0.6649999999999999,0.7287581699346405,0.6369229094076655,0.4645161290322581,187,37,46,36,0.43902439024390244,0.8348214285714286,0.6739438153310106,0.09662673990494058,False,False
eva02_large_patch14_clip_336.merged2b,token,whole_plus_crop,336,logreg_plain_c0.03,domain_label,accuracy,0.6699999999999999,0.6717428087986463,0.6356989666601677,0.529126213592233,288,80,114,109,0.48878923766816146,0.782608695652174,0.6768132189510626,0.6699999999999999,0.6105263157894737,0.6095596926713948,0.5680933852140078,101,43,68,73,0.5177304964539007,0.7013888888888888,0.6462273443656422,0.6699999999999999,0.7287581699346405,0.6369229094076655,0.4645161290322581,187,37,46,36,0.43902439024390244,0.8348214285714286,0.6740527003484321,0.09135238380191707,False,False
eva02_large_patch14_clip_336.merged2b,token,whole_plus_crop,336,logreg_bal_c0.01,domain_label,accuracy,0.6449999999999999,0.6700507614213198,0.6369906414505752,0.5346062052505967,284,84,111,112,0.5022421524663677,0.7717391304347826,0.6822601871709885,0.6449999999999999,0.6105263157894737,0.6097813238770686,0.5779467680608364,98,46,65,76,0.5390070921985816,0.6805555555555556,0.6515464933018125,0.6449999999999999,0.7254901960784313,0.6346907665505227,0.46153846153846156,186,38,46,36,0.43902439024390244,0.8303571428571429,0.6800413763066202,0.09009563553523453,False,False
eva02_large_patch14_clip_336.merged2b,token,whole_plus_crop,336,logreg_plain_c0.01,domain_label,accuracy,0.6549999999999999,0.6717428087986463,0.6365824234743614,0.5314009661835749,287,81,113,110,0.49327354260089684,0.779891304347826,0.6824064145057516,0.6549999999999999,0.6070175438596491,0.6061613475177305,0.5692307692307692,99,45,67,74,0.524822695035461,0.6875,0.6519405043341213,0.6549999999999999,0.7320261437908496,0.6391550522648084,0.4675324675324675,188,36,46,36,0.43902439024390244,0.8392857142857143,0.6801502613240418,0.08744559156841308,False,False
eva02_large_patch14_clip_336.merged2b,token,whole_plus_crop,336,logreg_bal_c0.01,none,accuracy,0.6549999999999999,0.6717428087986463,0.6356989666601677,0.529126213592233,288,80,114,109,0.48878923766816146,0.782608695652174,0.6817118346656268,0.6549999999999999,0.6070175438596491,0.6060874704491725,0.5658914728682171,100,44,68,73,0.5177304964539007,0.6944444444444444,0.6506107171000788,0.6549999999999999,0.7320261437908496,0.6391550522648084,0.4675324675324675,188,36,46,36,0.43902439024390244,0.8392857142857143,0.6794969512195123,0.08742342844784562,False,False
eva02_large_patch14_clip_336.merged2b,token,whole_plus_crop,336,logreg_bal_c0.01,label,accuracy,0.6549999999999999,0.6717428087986463,0.6356989666601677,0.529126213592233,288,80,114,109,0.48878923766816146,0.782608695652174,0.6817118346656268,0.6549999999999999,0.6070175438596491,0.6060874704491725,0.5658914728682171,100,44,68,73,0.5177304964539007,0.6944444444444444,0.6506107171000788,0.6549999999999999,0.7320261437908496,0.6391550522648084,0.4675324675324675,188,36,46,36,0.43902439024390244,0.8392857142857143,0.6794969512195123,0.08742342844784562,False,False
eva02_large_patch14_clip_336.merged2b,token,whole_plus_crop,336,logreg_plain_c0.01,label,accuracy,0.6549999999999999,0.6717428087986463,0.6356989666601677,0.529126213592233,288,80,114,109,0.48878923766816146,0.782608695652174,0.6817118346656268,0.6549999999999999,0.6070175438596491,0.6060874704491725,0.5658914728682171,100,44,68,73,0.5177304964539007,0.6944444444444444,0.6506107171000788,0.6549999999999999,0.7320261437908496,0.6391550522648084,0.4675324675324675,188,36,46,36,0.43902439024390244,0.8392857142857143,0.6794969512195123,0.08742342844784562,False,False
eva02_large_patch14_clip_336.merged2b,token,whole_plus_crop,336,logreg_bal_c0.1,none,accuracy,0.6749999999999999,0.6683587140439933,0.6312146617274322,0.5219512195121951,288,80,116,107,0.4798206278026906,0.782608695652174,0.6727797816338468,0.6749999999999999,0.6140350877192983,0.6129580378250591,0.5669291338582677,103,41,69,72,0.5106382978723404,0.7152777777777778,0.6427304964539007,0.6749999999999999,0.7189542483660131,0.62636106271777,0.44871794871794873,185,39,47,35,0.4268292682926829,0.8258928571428571,0.6715483449477352,0.07925795339189218,False,False
eva02_large_patch14_clip_336.merged2b,token,whole_plus_crop,336,logreg_bal_c0.1,label,accuracy,0.6749999999999999,0.6683587140439933,0.6312146617274322,0.5219512195121951,288,80,116,107,0.4798206278026906,0.782608695652174,0.6727797816338468,0.6749999999999999,0.6140350877192983,0.6129580378250591,0.5669291338582677,103,41,69,72,0.5106382978723404,0.7152777777777778,0.6427304964539007,0.6749999999999999,0.7189542483660131,0.62636106271777,0.44871794871794873,185,39,47,35,0.4268292682926829,0.8258928571428571,0.6715483449477352,0.07925795339189218,False,False
eva02_large_patch14_clip_336.merged2b,token,whole_plus_crop,336,logreg_plain_c0.1,label,accuracy,0.6749999999999999,0.6683587140439933,0.6312146617274322,0.5219512195121951,288,80,116,107,0.4798206278026906,0.782608695652174,0.6727797816338468,0.6749999999999999,0.6140350877192983,0.6129580378250591,0.5669291338582677,103,41,69,72,0.5106382978723404,0.7152777777777778,0.6427304964539007,0.6749999999999999,0.7189542483660131,0.62636106271777,0.44871794871794873,185,39,47,35,0.4268292682926829,0.8258928571428571,0.6715483449477352,0.07925795339189218,False,False
eva02_large_patch14_clip_336.merged2b,token,whole_plus_crop,336,extra_d3,label,accuracy,0.625,0.6615905245346869,0.6142949405342172,0.4845360824742268,297,71,129,94,0.42152466367713004,0.8070652173913043,0.6704035874439461,0.625,0.6035087719298246,0.6015070921985816,0.5065502183406113,114,30,83,58,0.41134751773049644,0.7916666666666666,0.6455870764381403,0.625,0.7156862745098039,0.6279943379790941,0.4528301886792453,183,41,46,36,0.43902439024390244,0.8169642857142857,0.6933253484320557,0.07522260051495538,False,False
eva02_large_patch14_clip_336.merged2b,token,whole_plus_crop,336,extra_d2,domain_label,accuracy,0.63,0.6734348561759729,0.6246892669136284,0.4960835509138381,303,65,128,95,0.4260089686098655,0.8233695652173914,0.6863667381555859,0.63,0.6210526315789474,0.6191637115839244,0.5344827586206896,115,29,79,62,0.4397163120567376,0.7986111111111112,0.6581461780929867,0.63,0.7222222222222222,0.6208623693379791,0.4370860927152318,188,36,49,33,0.4024390243902439,0.8392857142857143,0.7130879790940767,0.06415445100599637,False,False
eva02_large_patch14_clip_336.merged2b,token,whole_plus_crop,336,logreg_plain_c0.1,domain_label,accuracy,0.695,0.6700507614213198,0.629039530122831,0.513715710723192,293,75,120,103,0.4618834080717489,0.7961956521739131,0.6726579255215442,0.695,0.6105263157894737,0.6092641843971631,0.5542168674698795,105,39,72,69,0.48936170212765956,0.7291666666666666,0.6424842395587076,0.695,0.7254901960784313,0.6269599303135889,0.4473684210526316,188,36,48,34,0.4146341463414634,0.8392857142857143,0.6714394599303136,0.0632309989177437,False,False
eva02_large_patch14_clip_336.merged2b,token,whole_plus_crop,336,logreg_bal_c0.1,domain_label,accuracy,0.695,0.6683587140439933,0.6267973776564633,0.51,293,75,121,102,0.45739910313901344,0.7961956521739131,0.6725848118541626,0.695,0.6070175438596491,0.6057180851063829,0.5483870967741935,105,39,73,68,0.48226950354609927,0.7291666666666666,0.642434988179669,0.695,0.7254901960784313,0.6269599303135889,0.4473684210526316,188,36,48,34,0.4146341463414634,0.8392857142857143,0.6711672473867596,0.05795664281472018,False,False
eva02_large_patch14_clip_336.merged2b,token,whole_plus_crop,336,logreg_plain_c0.3,domain_label_third_up,accuracy,0.6849999999999999,0.6666666666666666,0.6254386820042893,0.5087281795511222,292,76,121,102,0.45739910313901344,0.7934782608695652,0.6687097874829401,0.6849999999999999,0.6070175438596491,0.6057919621749409,0.552,104,40,72,69,0.48936170212765956,0.7222222222222222,0.6381501182033097,0.6849999999999999,0.7222222222222222,0.6208623693379791,0.4370860927152318,188,36,49,33,0.4024390243902439,0.8392857142857143,0.6667029616724739,0.043300820920143424,False,False
eva02_large_patch14_clip_336.merged2b,token,whole_plus_crop,336,extra_d2,none,accuracy,0.5049999999999999,0.6632825719120136,0.6156536361863911,0.48578811369509045,298,70,129,94,0.42152466367713004,0.8097826086956522,0.6868785338272567,0.5049999999999999,0.6070175438596491,0.6052009456264775,0.5213675213675214,112,32,80,61,0.4326241134751773,0.7777777777777778,0.6497241922773838,0.5049999999999999,0.7156862745098039,0.6163980836236934,0.43137254901960786,186,38,49,33,0.4024390243902439,0.8303571428571429,0.7281685540069687,0.040477040698834954,False,False
eva02_large_patch14_clip_336.merged2b,token,whole_plus_crop,336,logreg_plain_c0.01,domain_label_third_up,accuracy,0.6699999999999999,0.6700507614213198,0.6272726164944433,0.5088161209068011,295,73,122,101,0.452914798206278,0.8016304347826086,0.6796890232014038,0.6699999999999999,0.6105263157894737,0.6092641843971631,0.5542168674698795,105,39,72,69,0.48936170212765956,0.7291666666666666,0.64701536643026,0.6699999999999999,0.7254901960784313,0.619229094076655,0.43243243243243246,190,34,50,32,0.3902439024390244,0.8482142857142857,0.6810213414634148,0.036521504144224615,False,False
eva02_large_patch14_clip_336.merged2b,token,whole_plus_crop,336,logreg_bal_c0.3,domain_label_third_up,accuracy,0.71,0.6700507614213198,0.6272726164944433,0.5088161209068011,295,73,122,101,0.452914798206278,0.8016304347826086,0.6681979918112693,0.71,0.6070175438596491,0.6057919621749409,0.552,104,40,72,69,0.48936170212765956,0.7222222222222222,0.6374113475177304,0.71,0.7287581699346405,0.621461236933798,0.43537414965986393,191,33,50,32,0.3902439024390244,0.8526785714285714,0.6662129790940767,0.032592548790153164,False,False
eva02_large_patch14_clip_336.merged2b,token,whole_plus_crop,336,logreg_plain_c0.1,domain_label_third_up,accuracy,0.705,0.6700507614213198,0.624622246051862,0.5012787723785166,298,70,125,98,0.43946188340807174,0.8097826086956522,0.6718293039578865,0.705,0.6070175438596491,0.605644208037825,0.5447154471544715,106,38,74,67,0.475177304964539,0.7361111111111112,0.640021670606777,0.705,0.7287581699346405,0.617595818815331,0.42758620689655175,192,32,51,31,0.3780487804878049,0.8571428571428571,0.6706772648083623,0.019193475162258777,False,False
eva02_large_patch14_clip_336.merged2b,token,whole_plus_crop,336,logreg_bal_c0.1,domain_label_third_up,accuracy,0.72,0.6700507614213198,0.624622246051862,0.5012787723785166,298,70,125,98,0.43946188340807174,0.8097826086956522,0.6713418795086761,0.72,0.6070175438596491,0.6057180851063829,0.5483870967741935,105,39,73,68,0.48226950354609927,0.7291666666666666,0.6396769109535068,0.72,0.7287581699346405,0.6137304006968641,0.4195804195804196,193,31,52,30,0.36585365853658536,0.8616071428571429,0.670241724738676,0.005860890896066562,False,False
eva02_large_patch14_clip_336.merged2b,token,whole_plus_crop,336,extra_d4,domain_label,accuracy,0.63,0.6700507614213198,0.611370393838955,0.4598337950138504,313,55,140,83,0.3721973094170404,0.8505434782608695,0.6604113862351335,0.63,0.6,0.5976654846335697,0.4818181818181818,118,26,88,53,0.375886524822695,0.8194444444444444,0.6397261623325453,0.63,0.7352941176470589,0.6181946864111498,0.425531914893617,195,29,52,30,0.36585365853658536,0.8705357142857143,0.6734538327526132,-0.002329466620586973,False,False
eva02_large_patch14_clip_336.merged2b,token,whole_plus_crop,336,logreg_plain_c0.003,none,accuracy,0.6749999999999999,0.6734348561759729,0.6096705010723338,0.4469914040114613,320,48,145,78,0.34977578475336324,0.8695652173913043,0.6884017352310392,0.6749999999999999,0.5964912280701754,0.5938977541371159,0.460093896713615,121,23,92,49,0.3475177304964539,0.8402777777777778,0.663810086682427,0.6749999999999999,0.7450980392156863,0.6210256968641115,0.4264705882352941,199,25,53,29,0.35365853658536583,0.8883928571428571,0.6823824041811846,-0.017055346586918207,False,False
eva02_large_patch14_clip_336.merged2b,token,whole_plus_crop,336,extra_d4,domain_label_third_up,accuracy,0.61,0.6683587140439933,0.6011771300448431,0.4269005847953216,322,46,150,73,0.3273542600896861,0.875,0.6650541041138623,0.61,0.5964912280701754,0.5936761229314421,0.4444444444444444,124,20,95,46,0.3262411347517731,0.8611111111111112,0.6422379826635146,0.61,0.7352941176470589,0.6065984320557491,0.4,198,26,55,27,0.32926829268292684,0.8839285714285714,0.6836890243902439,-0.04780104360729359,False,False
eva02_large_patch14_clip_336.merged2b,token,whole_plus_crop,336,extra_d4,none,accuracy,0.5149999999999999,0.6818950930626058,0.6058624975628778,0.4125,337,31,157,66,0.29596412556053814,0.9157608695652174,0.6802251900955352,0.5149999999999999,0.6105263157894737,0.6072695035460993,0.4307692307692308,132,12,99,42,0.2978723404255319,0.9166666666666666,0.6515957446808511,0.5149999999999999,0.7483660130718954,0.6039307491289199,0.384,205,19,58,24,0.2926829268292683,0.9151785714285714,0.7075348432055749,-0.06165221580647845,False,False
eva02_large_patch14_clip_336.merged2b,token,whole_plus_crop,336,logreg_bal_c0.003,domain_label,accuracy,0.72,0.6700507614213198,0.6016523688828231,0.4247787610619469,324,44,151,72,0.32286995515695066,0.8804347826086957,0.6887063755117958,0.72,0.5929824561403508,0.5903516548463357,0.4528301886792453,121,23,93,48,0.3404255319148936,0.8402777777777778,0.6621847911741529,0.72,0.7418300653594772,0.5994664634146342,0.3779527559055118,203,21,58,24,0.2926829268292683,0.90625,0.6851589721254355,-0.09042667725212433,False,False
eva02_large_patch14_clip_336.merged2b,token,whole_plus_crop,336,logreg_bal_c0.003,none,accuracy,0.725,0.6700507614213198,0.5998854552544356,0.417910447761194,326,42,153,70,0.31390134529147984,0.8858695652173914,0.6884626632871904,0.725,0.5929824561403508,0.5902039007092199,0.4423076923076923,123,21,95,46,0.3262411347517731,0.8541666666666666,0.6618400315208826,0.725,0.7418300653594772,0.5994664634146342,0.3779527559055118,203,21,58,24,0.2926829268292683,0.90625,0.6859756097560975,-0.09047100349325904,False,False
eva02_large_patch14_clip_336.merged2b,token,whole_plus_crop,336,logreg_bal_c0.003,label,accuracy,0.725,0.6700507614213198,0.5998854552544356,0.417910447761194,326,42,153,70,0.31390134529147984,0.8858695652173914,0.6884626632871904,0.725,0.5929824561403508,0.5902039007092199,0.4423076923076923,123,21,95,46,0.3262411347517731,0.8541666666666666,0.6618400315208826,0.725,0.7418300653594772,0.5994664634146342,0.3779527559055118,203,21,58,24,0.2926829268292683,0.90625,0.6859756097560975,-0.09047100349325904,False,False
eva02_large_patch14_clip_336.merged2b,token,whole_plus_crop,336,logreg_plain_c0.003,label,accuracy,0.725,0.6700507614213198,0.5998854552544356,0.417910447761194,326,42,153,70,0.31390134529147984,0.8858695652173914,0.6884626632871904,0.725,0.5929824561403508,0.5902039007092199,0.4423076923076923,123,21,95,46,0.3262411347517731,0.8541666666666666,0.6618400315208826,0.725,0.7418300653594772,0.5994664634146342,0.3779527559055118,203,21,58,24,0.2926829268292683,0.90625,0.6859756097560975,-0.09047100349325904,False,False
eva02_large_patch14_clip_336.merged2b,token,whole_plus_crop,336,logreg_plain_c0.003,domain_label,accuracy,0.72,0.6683587140439933,0.6002936732306492,0.4235294117647059,323,45,151,72,0.32286995515695066,0.8777173913043478,0.6886332618444141,0.72,0.5894736842105263,0.5868794326241135,0.4507042253521127,120,24,93,48,0.3404255319148936,0.8333333333333334,0.6623817966903073,0.72,0.7418300653594772,0.5994664634146342,0.3779527559055118,203,21,58,24,0.2926829268292683,0.90625,0.6852134146341463,-0.0956788702345805,False,False
eva02_large_patch14_clip_336.merged2b,token,whole_plus_crop,336,extra_d3,domain_label,accuracy,0.635,0.6666666666666666,0.591867323064925,0.39384615384615385,330,38,159,64,0.28699551569506726,0.8967391304347826,0.667430298303763,0.635,0.5929824561403508,0.5899083924349882,0.42,127,17,99,42,0.2978723404255319,0.8819444444444444,0.6444050433412136,0.635,0.7352941176470589,0.5872713414634146,0.352,203,21,60,22,0.2682926829268293,0.90625,0.6869555749128919,-0.11991562600581707,False,False
eva02_large_patch14_clip_336.merged2b,token,whole_plus_crop,336,extra_d2,domain_label_third_up,accuracy,0.61,0.6548223350253807,0.5823564534997075,0.3855421686746988,323,45,159,64,0.28699551569506726,0.8777173913043478,0.6718780464028076,0.61,0.5824561403508772,0.5794178486997636,0.4079601990049751,125,19,100,41,0.2907801418439716,0.8680555555555556,0.6387411347517731,0.61,0.7222222222222222,0.5822081881533101,0.3511450381679389,198,26,59,23,0.2804878048780488,0.8839285714285714,0.706935975609756,-0.12763257120053195,False,False
eva02_large_patch14_clip_336.merged2b,token,whole_plus_crop,336,extra_d4,label,accuracy,0.635,0.6734348561759729,0.5849337102749074,0.3412969283276451,348,20,173,50,0.2242152466367713,0.9456521739130435,0.6590587833885747,0.635,0.5824561403508772,0.5786790780141844,0.3425414364640884,135,9,110,31,0.2198581560283688,0.9375,0.6390858944050434,0.635,0.7581699346405228,0.591300087108014,0.3392857142857143,213,11,63,19,0.23170731707317074,0.9508928571428571,0.6718205574912892,-0.1667175780410125,False,False
eva02_large_patch14_clip_336.merged2b,token,whole_plus_crop,336,extra_d3,none,accuracy,0.5149999999999999,0.6666666666666666,0.5803823844804055,0.3411371237458194,343,25,172,51,0.22869955156950672,0.9320652173913043,0.6818946188340808,0.5149999999999999,0.5719298245614035,0.5683362884160756,0.34408602150537637,131,13,109,32,0.22695035460992907,0.9097222222222222,0.6484929078014184,0.5149999999999999,0.7549019607843137,0.5890679442508711,0.336283185840708,212,12,63,19,0.23170731707317074,0.9464285714285714,0.7171167247386759,-0.18377523149619834,False,False
eva02_large_patch14_clip_336.merged2b,token,whole_plus_crop,336,extra_d3,domain_label_third_up,accuracy,0.615,0.6548223350253807,0.5682211444726067,0.32,339,29,175,48,0.21524663677130046,0.9211956521739131,0.6617578962760773,0.615,0.5824561403508772,0.5787529550827424,0.34972677595628415,134,10,109,32,0.22695035460992907,0.9305555555555556,0.637608353033885,0.615,0.7222222222222222,0.5551502613240418,0.27350427350427353,205,19,66,16,0.1951219512195122,0.9151785714285714,0.6867922473867597,-0.22131527099295545,False,False
