n,stage1_accept_n,stage1_accept_rate,stage2_accept_n,stage2_accept_rate,reject_n,reject_rate,automated_n,automated_rate,rescued_n,hurt_n,rescued_fn_n,rescued_fp_n,hurt_fn_n,hurt_fp_n,stage1_n,stage1_accuracy,stage1_balanced_accuracy,stage1_f1,stage1_sensitivity_high,stage1_specificity_low,stage1_tn,stage1_fp,stage1_fn,stage1_tp,stage1_auc,stage2_n,stage2_accuracy,stage2_balanced_accuracy,stage2_f1,stage2_sensitivity_high,stage2_specificity_low,stage2_tn,stage2_fp,stage2_fn,stage2_tp,stage2_auc,automated_accuracy,automated_balanced_accuracy,automated_f1,automated_sensitivity_high,automated_specificity_low,automated_tn,automated_fp,automated_fn,automated_tp,automated_auc,system_if_reject_corrected_n,system_if_reject_corrected_accuracy,system_if_reject_corrected_balanced_accuracy,system_if_reject_corrected_f1,system_if_reject_corrected_sensitivity_high,system_if_reject_corrected_specificity_low,system_if_reject_corrected_tn,system_if_reject_corrected_fp,system_if_reject_corrected_fn,system_if_reject_corrected_tp,system_if_reject_corrected_auc,feature_set,gate,corrector,target_accept_acc,corrector_conf_min,scope
591,557,0.9424703891708968,34,0.05752961082910321,0,0.0,591,1.0,12,2,0,12,2,0,557,0.8797127468581688,0.8704348182115951,0.8408551068883611,0.8309859154929577,0.9098837209302325,313,31,36,177,0.8792171634457909,34,0.5882352941176471,0.65,0.5333333333333333,0.8,0.5,12,12,2,8,0.6333333333333334,0.8646362098138748,0.8577329888867226,0.8222222222222222,0.8295964125560538,0.8858695652173914,326,42,38,185,0.8675302203158511,591,0.8646362098138748,0.8577329888867226,0.8222222222222222,0.8295964125560538,0.8858695652173914,326,42,38,185,0.8675302203158511,core,gate_logreg,corr_logreg,0.88,0.0,internal_nested_old_third
591,364,0.6159052453468697,227,0.3840947546531303,0,0.0,591,1.0,19,6,0,19,6,0,364,0.9065934065934066,0.8737307290085349,0.8482142857142857,0.7723577235772358,0.975103734439834,235,6,28,95,0.8989980771177006,227,0.8061674008810573,0.8118897637795275,0.7962962962962963,0.86,0.7637795275590551,97,30,14,86,0.8813385826771654,0.8629441624365483,0.8528404659777735,0.8171557562076749,0.8116591928251121,0.8940217391304348,329,39,42,181,0.9000536166894131,591,0.8629441624365483,0.8528404659777735,0.8171557562076749,0.8116591928251121,0.8940217391304348,329,39,42,181,0.9000536166894131,core,gate_logreg,corr_logreg,0.92,0.0,internal_nested_old_third
591,550,0.9306260575296108,41,0.06937394247038917,0,0.0,591,1.0,18,7,0,18,7,0,550,0.8745454545454545,0.8640768446106766,0.8296296296296296,0.8235294117647058,0.9046242774566474,313,33,36,168,0.8747166496656467,41,0.7317073170731707,0.7248803827751196,0.6857142857142857,0.631578947368421,0.8181818181818182,18,4,7,12,0.722488038277512,0.8629441624365483,0.850190095535192,0.8146453089244852,0.7982062780269058,0.9021739130434783,332,36,45,178,0.8624000779879119,591,0.8629441624365483,0.850190095535192,0.8146453089244852,0.7982062780269058,0.9021739130434783,332,36,45,178,0.8624000779879119,multiview,gate_logreg,corr_logreg,0.88,0.0,internal_nested_old_third
591,446,0.754653130287648,145,0.24534686971235195,0,0.0,591,1.0,20,11,0,20,7,4,446,0.8878923766816144,0.8668927143105547,0.8366013071895425,0.7901234567901234,0.9436619718309859,268,16,34,128,0.8890193009911319,145,0.7793103448275862,0.7893247462919594,0.7647058823529411,0.8524590163934426,0.7261904761904762,61,23,9,52,0.8647540983606556,0.8595600676818951,0.8492396178592319,0.8126410835214447,0.8071748878923767,0.8913043478260869,328,40,43,180,0.8801423279391694,591,0.8595600676818951,0.8492396178592319,0.8126410835214447,0.8071748878923767,0.8913043478260869,328,40,43,180,0.8801423279391694,multiview,gate_logreg,corr_extra,0.92,0.0,internal_nested_old_third
591,364,0.6159052453468697,227,0.3840947546531303,0,0.0,591,1.0,12,4,0,12,4,0,364,0.9065934065934066,0.8737307290085349,0.8482142857142857,0.7723577235772358,0.975103734439834,235,6,28,95,0.8989980771177006,227,0.7841409691629956,0.7943307086614173,0.7822222222222223,0.88,0.7086614173228346,90,37,12,88,0.8508661417322835,0.856175972927242,0.8474056833690777,0.8098434004474273,0.8116591928251121,0.8831521739130435,325,43,42,181,0.8934124585689218,591,0.856175972927242,0.8474056833690777,0.8098434004474273,0.8116591928251121,0.8831521739130435,325,43,42,181,0.8934124585689218,core,gate_logreg,corr_extra,0.92,0.0,internal_nested_old_third
591,385,0.6514382402707276,206,0.34856175972927245,0,0.0,591,1.0,0,0,0,0,0,0,385,0.8779220779220779,0.8756825162097599,0.8459016393442623,0.8657718120805369,0.885593220338983,209,27,20,129,0.9151973609373223,206,0.7864077669902912,0.7858312858312858,0.725,0.7837837837837838,0.7878787878787878,104,28,16,58,0.8179770679770679,0.8460236886632826,0.8445542503411971,0.8043010752688172,0.8385650224215246,0.8505434782608695,313,55,36,187,0.8839442386430104,591,0.8460236886632826,0.8445542503411971,0.8043010752688172,0.8385650224215246,0.8505434782608695,313,55,36,187,0.8839442386430104,core,base_conf_core,corr_logreg,0.88,0.0,internal_nested_old_third
591,286,0.48392554991539766,305,0.5160744500846024,0,0.0,591,1.0,0,0,0,0,0,0,286,0.916083916083916,0.9061844863731656,0.8846153846153846,0.8679245283018868,0.9444444444444444,170,10,14,92,0.9342243186582809,305,0.780327868852459,0.7863020549190762,0.7392996108949417,0.811965811965812,0.7606382978723404,143,45,22,95,0.8466084742680486,0.8460236886632826,0.8445542503411971,0.8043010752688172,0.8385650224215246,0.8505434782608695,313,55,36,187,0.8931931175667771,591,0.8460236886632826,0.8445542503411971,0.8043010752688172,0.8385650224215246,0.8505434782608695,313,55,36,187,0.8931931175667771,core,base_conf_core,corr_logreg,0.92,0.0,internal_nested_old_third
591,385,0.6514382402707276,206,0.34856175972927245,0,0.0,591,1.0,0,0,0,0,0,0,385,0.8779220779220779,0.8756825162097599,0.8459016393442623,0.8657718120805369,0.885593220338983,209,27,20,129,0.9151973609373223,206,0.7864077669902912,0.7858312858312858,0.725,0.7837837837837838,0.7878787878787878,104,28,16,58,0.8052825552825553,0.8460236886632826,0.8445542503411971,0.8043010752688172,0.8385650224215246,0.8505434782608695,313,55,36,187,0.8871124975628778,591,0.8460236886632826,0.8445542503411971,0.8043010752688172,0.8385650224215246,0.8505434782608695,313,55,36,187,0.8871124975628778,core,base_conf_core,corr_extra,0.88,0.0,internal_nested_old_third
591,331,0.560067681895093,260,0.43993231810490696,0,0.0,591,1.0,0,0,0,0,0,0,331,0.9003021148036254,0.8934081070444706,0.8641975308641975,0.8677685950413223,0.919047619047619,193,17,16,105,0.9252656434474616,260,0.7769230769230769,0.7817076197567635,0.7387387387387387,0.803921568627451,0.759493670886076,120,38,20,82,0.8325266815586994,0.8460236886632826,0.8445542503411971,0.8043010752688172,0.8385650224215246,0.8505434782608695,313,55,36,187,0.8944360499122636,591,0.8460236886632826,0.8445542503411971,0.8043010752688172,0.8385650224215246,0.8505434782608695,313,55,36,187,0.8944360499122636,core,base_conf_core,corr_extra,0.9,0.0,internal_nested_old_third
591,286,0.48392554991539766,305,0.5160744500846024,0,0.0,591,1.0,0,0,0,0,0,0,286,0.916083916083916,0.9061844863731656,0.8846153846153846,0.8679245283018868,0.9444444444444444,170,10,14,92,0.9342243186582809,305,0.780327868852459,0.7863020549190762,0.7392996108949417,0.811965811965812,0.7606382978723404,143,45,22,95,0.8379705400981996,0.8460236886632826,0.8445542503411971,0.8043010752688172,0.8385650224215246,0.8505434782608695,313,55,36,187,0.8967878728797037,591,0.8460236886632826,0.8445542503411971,0.8043010752688172,0.8385650224215246,0.8505434782608695,313,55,36,187,0.8967878728797037,core,base_conf_core,corr_extra,0.92,0.0,internal_nested_old_third
591,557,0.9424703891708968,34,0.05752961082910321,0,0.0,591,1.0,0,0,0,0,0,0,557,0.8797127468581688,0.8704348182115951,0.8408551068883611,0.8309859154929577,0.9098837209302325,313,31,36,177,0.8792171634457909,34,0.29411764705882354,0.5,0.45454545454545453,1.0,0.0,0,24,0,10,0.6,0.8460236886632826,0.8445542503411971,0.8043010752688172,0.8385650224215246,0.8505434782608695,313,55,36,187,0.8662994735815948,591,0.8460236886632826,0.8445542503411971,0.8043010752688172,0.8385650224215246,0.8505434782608695,313,55,36,187,0.8662994735815948,core,gate_logreg,corr_extra,0.88,0.0,internal_nested_old_third
591,385,0.6514382402707276,206,0.34856175972927245,0,0.0,591,1.0,0,0,0,0,0,0,385,0.8779220779220779,0.8756825162097599,0.8459016393442623,0.8657718120805369,0.885593220338983,209,27,20,129,0.9151973609373223,206,0.7864077669902912,0.7858312858312858,0.725,0.7837837837837838,0.7878787878787878,104,28,16,58,0.8058968058968059,0.8460236886632826,0.8445542503411971,0.8043010752688172,0.8385650224215246,0.8505434782608695,313,55,36,187,0.8877583349580814,591,0.8460236886632826,0.8445542503411971,0.8043010752688172,0.8385650224215246,0.8505434782608695,313,55,36,187,0.8877583349580814,multiview,base_conf_core,corr_extra,0.88,0.0,internal_nested_old_third
591,331,0.560067681895093,260,0.43993231810490696,0,0.0,591,1.0,0,0,0,0,0,0,331,0.9003021148036254,0.8934081070444706,0.8641975308641975,0.8677685950413223,0.919047619047619,193,17,16,105,0.9252656434474616,260,0.7769230769230769,0.7817076197567635,0.7387387387387387,0.803921568627451,0.759493670886076,120,38,20,82,0.8418342020352445,0.8460236886632826,0.8445542503411971,0.8043010752688172,0.8385650224215246,0.8505434782608695,313,55,36,187,0.8977017937219731,591,0.8460236886632826,0.8445542503411971,0.8043010752688172,0.8385650224215246,0.8505434782608695,313,55,36,187,0.8977017937219731,multiview,base_conf_core,corr_extra,0.9,0.0,internal_nested_old_third
591,286,0.48392554991539766,305,0.5160744500846024,0,0.0,591,1.0,0,0,0,0,0,0,286,0.916083916083916,0.9061844863731656,0.8846153846153846,0.8679245283018868,0.9444444444444444,170,10,14,92,0.9342243186582809,305,0.780327868852459,0.7863020549190762,0.7392996108949417,0.811965811965812,0.7606382978723404,143,45,22,95,0.8476086561192944,0.8460236886632826,0.8445542503411971,0.8043010752688172,0.8385650224215246,0.8505434782608695,313,55,36,187,0.900796938974459,591,0.8460236886632826,0.8445542503411971,0.8043010752688172,0.8385650224215246,0.8505434782608695,313,55,36,187,0.900796938974459,multiview,base_conf_core,corr_extra,0.92,0.0,internal_nested_old_third
591,331,0.560067681895093,260,0.43993231810490696,0,0.0,591,1.0,0,1,0,0,1,0,331,0.9003021148036254,0.8934081070444706,0.8641975308641975,0.8677685950413223,0.919047619047619,193,17,16,105,0.9252656434474616,260,0.7730769230769231,0.7768056589724497,0.7330316742081447,0.7941176470588235,0.759493670886076,120,38,21,81,0.844626458178208,0.8443316412859561,0.8423120978748293,0.8017241379310345,0.8340807174887892,0.8505434782608695,313,55,37,186,0.8931078182881654,591,0.8443316412859561,0.8423120978748293,0.8017241379310345,0.8340807174887892,0.8505434782608695,313,55,37,186,0.8931078182881654,core,base_conf_core,corr_logreg,0.9,0.0,internal_nested_old_third
591,385,0.6514382402707276,206,0.34856175972927245,0,0.0,591,1.0,2,3,0,2,3,0,385,0.8779220779220779,0.8756825162097599,0.8459016393442623,0.8657718120805369,0.885593220338983,209,27,20,129,0.9151973609373223,206,0.7815533980582524,0.7731367731367731,0.7096774193548387,0.7432432432432432,0.803030303030303,106,26,19,55,0.7990376740376741,0.8443316412859561,0.8405451842464418,0.8,0.8251121076233184,0.8559782608695652,315,53,39,184,0.8753533827256774,591,0.8443316412859561,0.8405451842464418,0.8,0.8251121076233184,0.8559782608695652,315,53,39,184,0.8753533827256774,multiview,base_conf_core,corr_logreg,0.88,0.0,internal_nested_old_third
591,500,0.8460236886632826,91,0.15397631133671744,0,0.0,591,1.0,20,11,0,20,9,2,500,0.896,0.8782915198009538,0.8505747126436781,0.8131868131868132,0.9433962264150944,300,18,34,148,0.8873971940009675,91,0.6703296703296703,0.6758536585365853,0.6666666666666666,0.7317073170731707,0.62,31,19,11,30,0.7521951219512196,0.8494077834179357,0.8393205303178007,0.8,0.7982062780269058,0.8804347826086957,324,44,45,178,0.8643010333398323,591,0.8494077834179357,0.8393205303178007,0.8,0.7982062780269058,0.8804347826086957,324,44,45,178,0.8643010333398323,multiview,gate_logreg,corr_logreg,0.9,0.0,internal_nested_old_third
591,331,0.560067681895093,260,0.43993231810490696,0,0.0,591,1.0,1,3,0,1,3,0,331,0.9003021148036254,0.8934081070444706,0.8641975308641975,0.8677685950413223,0.919047619047619,193,17,16,105,0.9252656434474616,260,0.7692307692307693,0.7701662943658476,0.7247706422018348,0.7745098039215687,0.7658227848101266,121,37,23,79,0.8482253660958055,0.8426395939086294,0.8391864885942679,0.7982646420824295,0.8251121076233184,0.8532608695652174,314,54,39,184,0.890183271592903,591,0.8426395939086294,0.8391864885942679,0.7982646420824295,0.8251121076233184,0.8532608695652174,314,54,39,184,0.890183271592903,multiview,base_conf_core,corr_logreg,0.9,0.0,internal_nested_old_third
591,286,0.48392554991539766,305,0.5160744500846024,0,0.0,591,1.0,1,3,0,1,3,0,286,0.916083916083916,0.9061844863731656,0.8846153846153846,0.8679245283018868,0.9444444444444444,170,10,14,92,0.9342243186582809,305,0.7737704918032787,0.7761411165666485,0.7272727272727273,0.7863247863247863,0.7659574468085106,144,44,25,92,0.8390616475722859,0.8426395939086294,0.8391864885942679,0.7982646420824295,0.8251121076233184,0.8532608695652174,314,54,39,184,0.884772860206668,591,0.8426395939086294,0.8391864885942679,0.7982646420824295,0.8251121076233184,0.8532608695652174,314,54,39,184,0.884772860206668,multiview,base_conf_core,corr_logreg,0.92,0.0,internal_nested_old_third
591,550,0.9306260575296108,41,0.06937394247038917,0,0.0,591,1.0,6,3,0,6,3,0,550,0.8745454545454545,0.8640768446106766,0.8296296296296296,0.8235294117647058,0.9046242774566474,313,33,36,168,0.8747166496656467,41,0.5365853658536586,0.5574162679425837,0.6274509803921569,0.8421052631578947,0.2727272727272727,6,16,3,16,0.722488038277512,0.8426395939086294,0.8391864885942679,0.7982646420824295,0.8251121076233184,0.8532608695652174,314,54,39,184,0.8675789627607721,591,0.8426395939086294,0.8391864885942679,0.7982646420824295,0.8251121076233184,0.8532608695652174,314,54,39,184,0.8675789627607721,multiview,gate_logreg,corr_extra,0.88,0.0,internal_nested_old_third
591,446,0.754653130287648,145,0.24534686971235195,0,0.0,591,1.0,24,18,0,24,11,7,446,0.8878923766816144,0.8668927143105547,0.8366013071895425,0.7901234567901234,0.9436619718309859,268,16,34,128,0.8890193009911319,145,0.7586206896551724,0.7624902419984387,0.732824427480916,0.7868852459016393,0.7380952380952381,62,22,13,48,0.8278688524590163,0.8443316412859561,0.8317106161045038,0.7909090909090909,0.7802690582959642,0.8831521739130435,325,43,49,174,0.8741470072138818,591,0.8443316412859561,0.8317106161045038,0.7909090909090909,0.7802690582959642,0.8831521739130435,325,43,49,174,0.8741470072138818,multiview,gate_logreg,corr_logreg,0.92,0.0,internal_nested_old_third
591,500,0.8460236886632826,91,0.15397631133671744,0,0.0,591,1.0,22,11,1,21,9,2,500,0.896,0.8782915198009538,0.8505747126436781,0.8131868131868132,0.9433962264150944,300,18,34,148,0.8873971940009675,91,0.6923076923076923,0.6980487804878048,0.6888888888888889,0.7560975609756098,0.64,32,18,10,31,0.7795121951219512,0.8307952622673435,0.8279087054006629,0.7844827586206896,0.8161434977578476,0.8396739130434783,309,59,41,182,0.8756580230064339,591,0.8307952622673435,0.8279087054006629,0.7844827586206896,0.8161434977578476,0.8396739130434783,309,59,41,182,0.8756580230064339,multiview,gate_logreg,corr_extra,0.9,0.0,internal_nested_old_third
591,516,0.8730964467005076,75,0.12690355329949238,0,0.0,591,1.0,22,10,0,22,10,0,516,0.8934108527131783,0.8740017963582918,0.8441926345609065,0.8054054054054054,0.9425981873111783,312,19,36,149,0.8839879154078549,75,0.68,0.6792318634423897,0.7,0.7368421052631579,0.6216216216216216,23,14,10,28,0.7432432432432432,0.8155668358714044,0.8050789627607721,0.7572383073496659,0.7623318385650224,0.8478260869565217,312,56,53,170,0.8732209007603822,591,0.8155668358714044,0.8050789627607721,0.7572383073496659,0.7623318385650224,0.8478260869565217,312,56,53,170,0.8732209007603822,core,gate_logreg,corr_logreg,0.9,0.0,internal_nested_old_third
591,516,0.8730964467005076,75,0.12690355329949238,0,0.0,591,1.0,23,12,0,23,12,0,516,0.8934108527131783,0.8740017963582918,0.8441926345609065,0.8054054054054054,0.9425981873111783,312,19,36,149,0.8839879154078549,75,0.6666666666666666,0.666429587482219,0.6753246753246753,0.6842105263157895,0.6486486486486487,24,13,12,26,0.7197724039829303,0.7969543147208121,0.7768814583739521,0.7209302325581395,0.695067264573991,0.8586956521739131,316,52,68,155,0.8714905439656853,591,0.7969543147208121,0.7768814583739521,0.7209302325581395,0.695067264573991,0.8586956521739131,316,52,68,155,0.8714905439656853,core,gate_logreg,corr_extra,0.9,0.0,internal_nested_old_third
591,550,0.9306260575296108,34,0.05752961082910321,7,0.011844331641285956,584,0.988155668358714,15,5,0,15,5,0,550,0.8745454545454545,0.8640768446106766,0.8296296296296296,0.8235294117647058,0.9046242774566474,313,33,36,168,0.8747166496656467,34,0.7647058823529411,0.7604166666666667,0.7333333333333333,0.6875,0.8333333333333334,15,3,5,11,0.7152777777777778,0.8681506849315068,0.8564685314685314,0.8221709006928406,0.8090909090909091,0.9038461538461539,329,35,42,178,0.8641108891108891,591,0.8697123519458545,0.8582752485864691,0.8246013667425968,0.8116591928251121,0.904891304347826,333,35,42,181,0.8624000779879119,multiview,gate_logreg,corr_logreg,0.88,0.6,internal_nested_old_third
591,550,0.9306260575296108,33,0.05583756345177665,8,0.01353637901861252,583,0.9864636209813875,15,5,0,15,5,0,550,0.8745454545454545,0.8640768446106766,0.8296296296296296,0.8235294117647058,0.9046242774566474,313,33,36,168,0.8747166496656467,33,0.7575757575757576,0.75,0.7142857142857143,0.6666666666666666,0.8333333333333334,15,3,5,10,0.7074074074074075,0.8713550600343053,0.8596893973606302,0.8259860788863109,0.8127853881278538,0.9065934065934066,330,34,41,178,0.8636911034171307,591,0.8730964467005076,0.8618760967050108,0.8291571753986332,0.8161434977578476,0.907608695652174,334,34,41,182,0.8624000779879119,multiview,gate_logreg,corr_logreg,0.88,0.65,internal_nested_old_third
591,385,0.6514382402707276,195,0.3299492385786802,11,0.018612521150592216,580,0.9813874788494078,0,0,0,0,0,0,385,0.8779220779220779,0.8756825162097599,0.8459016393442623,0.8657718120805369,0.885593220338983,209,27,20,129,0.9151973609373223,195,0.7948717948717948,0.7868470149253731,0.7183098591549296,0.7611940298507462,0.8125,104,24,16,51,0.8074860074626866,0.85,0.8466117216117217,0.8053691275167785,0.8333333333333334,0.8598901098901099,313,51,36,180,0.8887871387871388,591,0.8527918781725888,0.8499890329498927,0.8112798264642083,0.8385650224215246,0.8614130434782609,317,51,36,187,0.8871124975628778,core,base_conf_core,corr_extra,0.88,0.6,internal_nested_old_third
591,557,0.9424703891708968,19,0.032148900169204735,15,0.025380710659898477,576,0.9746192893401016,6,2,0,6,2,0,557,0.8797127468581688,0.8704348182115951,0.8408551068883611,0.8309859154929577,0.9098837209302325,313,31,36,177,0.8792171634457909,19,0.5263157894736842,0.5641025641025641,0.47058823529411764,0.6666666666666666,0.46153846153846156,6,7,2,4,0.5641025641025641,0.8680555555555556,0.860020720617014,0.8264840182648402,0.8264840182648402,0.8935574229691877,319,38,38,181,0.8697670849161582,591,0.871404399323181,0.8631677714954182,0.8295964125560538,0.8295964125560538,0.8967391304347826,330,38,38,185,0.8675302203158511,core,gate_logreg,corr_logreg,0.88,0.6,internal_nested_old_third
591,557,0.9424703891708968,19,0.032148900169204735,15,0.025380710659898477,576,0.9746192893401016,0,0,0,0,0,0,557,0.8797127468581688,0.8704348182115951,0.8408551068883611,0.8309859154929577,0.9098837209302325,313,31,36,177,0.8792171634457909,19,0.3684210526315789,0.5,0.5384615384615384,1.0,0.0,0,12,0,7,0.5357142857142857,0.8628472222222222,0.8577885597548518,0.8232662192393736,0.8363636363636363,0.8792134831460674,313,43,36,184,0.8715653728294177,591,0.8663282571912013,0.860858598167284,0.82560706401766,0.8385650224215246,0.8831521739130435,325,43,36,187,0.8662994735815948,core,gate_logreg,corr_extra,0.88,0.6,internal_nested_old_third
591,500,0.8460236886632826,75,0.12690355329949238,16,0.02707275803722504,575,0.9729272419627749,18,9,0,18,8,1,500,0.896,0.8782915198009538,0.8505747126436781,0.8131868131868132,0.9433962264150944,300,18,34,148,0.8873971940009675,75,0.7066666666666667,0.7071428571428571,0.6944444444444444,0.7142857142857143,0.7,28,12,10,25,0.7714285714285715,0.8660869565217392,0.852528126045877,0.817966903073286,0.7972350230414746,0.9078212290502793,325,33,44,173,0.8672476379270396,591,0.8697123519458545,0.8565083349580815,0.8229885057471265,0.8026905829596412,0.9103260869565217,335,33,44,179,0.8643010333398323,multiview,gate_logreg,corr_logreg,0.9,0.6,internal_nested_old_third
591,385,0.6514382402707276,188,0.31810490693739424,18,0.030456852791878174,573,0.9695431472081218,0,0,0,0,0,0,385,0.8779220779220779,0.8756825162097599,0.8459016393442623,0.8657718120805369,0.885593220338983,209,27,20,129,0.9151973609373223,188,0.8085106382978723,0.80306905370844,0.75,0.782608695652174,0.8235294117647058,98,21,15,54,0.8257215929850201,0.8551483420593369,0.8521191368393849,0.8151447661469933,0.8394495412844036,0.8647887323943662,307,48,35,183,0.8865228065641556,591,0.8595600676818951,0.8563072723727823,0.8191721132897604,0.8430493273542601,0.8695652173913043,320,48,35,188,0.8839442386430104,core,base_conf_core,corr_logreg,0.88,0.6,internal_nested_old_third
591,516,0.8730964467005076,57,0.09644670050761421,18,0.030456852791878174,573,0.9695431472081218,21,5,0,21,5,0,516,0.8934108527131783,0.8740017963582918,0.8441926345609065,0.8054054054054054,0.9425981873111783,312,19,36,149,0.8839879154078549,57,0.7719298245614035,0.7727832512315271,0.7796610169491526,0.8214285714285714,0.7241379310344828,21,8,5,23,0.7697044334975369,0.8464223385689355,0.8365610328638498,0.794392523364486,0.7981220657276995,0.875,315,45,43,170,0.8775691184141887,591,0.8510998307952623,0.8424461395983622,0.8035714285714286,0.8071748878923767,0.8777173913043478,323,45,43,180,0.8732209007603822,core,gate_logreg,corr_logreg,0.9,0.6,internal_nested_old_third
591,286,0.48392554991539766,285,0.48223350253807107,20,0.0338409475465313,571,0.9661590524534687,0,0,0,0,0,0,286,0.916083916083916,0.9061844863731656,0.8846153846153846,0.8679245283018868,0.9444444444444444,170,10,14,92,0.9342243186582809,285,0.8105263157894737,0.8085714285714286,0.7652173913043478,0.8,0.8171428571428572,143,32,22,88,0.8435844155844155,0.8633975481611208,0.8575117370892019,0.821917808219178,0.8333333333333334,0.8816901408450705,313,42,36,180,0.9000391236306728,591,0.868020304568528,0.862217293819458,0.827433628318584,0.8385650224215246,0.8858695652173914,326,42,36,187,0.8967878728797037,core,base_conf_core,corr_extra,0.92,0.6,internal_nested_old_third
591,331,0.560067681895093,239,0.40439932318104904,21,0.03553299492385787,570,0.9644670050761421,0,0,0,0,0,0,331,0.9003021148036254,0.8934081070444706,0.8641975308641975,0.8677685950413223,0.919047619047619,193,17,16,105,0.9252656434474616,239,0.8117154811715481,0.8074101247248716,0.7668393782383419,0.7872340425531915,0.8275862068965517,120,25,20,74,0.8408657373440939,0.8631578947368421,0.8571241401899771,0.8211009174311926,0.8325581395348837,0.8816901408450705,313,42,36,179,0.8979495578119883,591,0.868020304568528,0.862217293819458,0.827433628318584,0.8385650224215246,0.8858695652173914,326,42,36,187,0.8944360499122636,core,base_conf_core,corr_extra,0.9,0.6,internal_nested_old_third
591,385,0.6514382402707276,185,0.3130287648054145,21,0.03553299492385787,570,0.9644670050761421,0,0,0,0,0,0,385,0.8779220779220779,0.8756825162097599,0.8459016393442623,0.8657718120805369,0.885593220338983,209,27,20,129,0.9151973609373223,185,0.8216216216216217,0.8047520661157025,0.7441860465116279,0.75,0.859504132231405,104,17,16,48,0.8083677685950413,0.8596491228070176,0.8538683078865349,0.815668202764977,0.8309859154929577,0.876750700280112,313,44,36,177,0.8907300009205561,591,0.8646362098138748,0.8594999025151102,0.8237885462555066,0.8385650224215246,0.8804347826086957,324,44,36,187,0.8877583349580814,multiview,base_conf_core,corr_extra,0.88,0.6,internal_nested_old_third
591,385,0.6514382402707276,185,0.3130287648054145,21,0.03553299492385787,570,0.9644670050761421,1,2,0,1,2,0,385,0.8779220779220779,0.8756825162097599,0.8459016393442623,0.8657718120805369,0.885593220338983,209,27,20,129,0.9151973609373223,185,0.7945945945945946,0.7841512775107513,0.7246376811594203,0.746268656716418,0.8220338983050848,97,21,17,50,0.8039463698456868,0.8508771929824561,0.8465552416823603,0.8081264108352144,0.8287037037037037,0.864406779661017,306,48,37,179,0.8777594685080562,591,0.856175972927242,0.8518229674400468,0.8140043763676149,0.8340807174887892,0.8695652173913043,320,48,37,186,0.8753533827256774,multiview,base_conf_core,corr_logreg,0.88,0.6,internal_nested_old_third
591,286,0.48392554991539766,283,0.47884940778341795,22,0.03722504230118443,569,0.9627749576988156,1,0,0,1,0,0,286,0.916083916083916,0.9061844863731656,0.8846153846153846,0.8679245283018868,0.9444444444444444,170,10,14,92,0.9342243186582809,283,0.8021201413427562,0.80207333972924,0.7522123893805309,0.8018867924528302,0.8022598870056498,142,35,21,85,0.840528728280567,0.859402460456942,0.8544276201046457,0.815668202764977,0.8349056603773585,0.8739495798319328,312,45,35,177,0.8857882775751811,591,0.8646362098138748,0.860383359329304,0.8245614035087719,0.8430493273542601,0.8777173913043478,323,45,35,188,0.884772860206668,multiview,base_conf_core,corr_logreg,0.92,0.6,internal_nested_old_third
591,500,0.8460236886632826,68,0.11505922165820642,23,0.038917089678511,568,0.961082910321489,16,6,0,16,5,1,500,0.896,0.8782915198009538,0.8505747126436781,0.8131868131868132,0.9433962264150944,300,18,34,148,0.8873971940009675,68,0.75,0.7517361111111112,0.746268656716418,0.78125,0.7222222222222222,26,10,7,25,0.7803819444444444,0.8767605633802817,0.8632451554992344,0.8317307692307693,0.8084112149532711,0.9180790960451978,325,29,41,173,0.8714293257299752,591,0.8815566835871405,0.8686695749658804,0.8387096774193549,0.8161434977578476,0.9211956521739131,339,29,41,182,0.8643010333398323,multiview,gate_logreg,corr_logreg,0.9,0.65,internal_nested_old_third
591,557,0.9424703891708968,11,0.018612521150592216,23,0.038917089678511,568,0.961082910321489,2,2,0,2,2,0,557,0.8797127468581688,0.8704348182115951,0.8408551068883611,0.8309859154929577,0.9098837209302325,313,31,36,177,0.8792171634457909,11,0.45454545454545453,0.4666666666666667,0.5,0.6,0.3333333333333333,2,4,2,3,0.5666666666666667,0.8714788732394366,0.8628440366972477,0.8314087759815243,0.8256880733944955,0.9,315,35,38,180,0.8721625163826998,591,0.8764805414551607,0.86724385845194,0.835214446952596,0.8295964125560538,0.904891304347826,333,35,38,185,0.8675302203158511,core,gate_logreg,corr_logreg,0.88,0.65,internal_nested_old_third
591,446,0.754653130287648,122,0.20642978003384094,23,0.038917089678511,568,0.961082910321489,22,11,0,22,9,2,446,0.8878923766816144,0.8668927143105547,0.8366013071895425,0.7901234567901234,0.9436619718309859,268,16,34,128,0.8890193009911319,122,0.8114754098360656,0.8108766233766234,0.7964601769911505,0.8035714285714286,0.8181818181818182,54,12,11,45,0.8411796536796536,0.8697183098591549,0.8553604193971167,0.8238095238095238,0.7935779816513762,0.9171428571428571,321,29,45,173,0.8802359108781126,591,0.8747884940778342,0.8597009651004095,0.827906976744186,0.7982062780269058,0.9211956521739131,339,29,45,178,0.8741470072138818,multiview,gate_logreg,corr_logreg,0.92,0.6,internal_nested_old_third
591,286,0.48392554991539766,282,0.47715736040609136,23,0.038917089678511,568,0.961082910321489,0,0,0,0,0,0,286,0.916083916083916,0.9061844863731656,0.8846153846153846,0.8679245283018868,0.9444444444444444,170,10,14,92,0.9342243186582809,282,0.8014184397163121,0.8011627906976744,0.7586206896551724,0.8,0.8023255813953488,138,34,22,88,0.8540697674418605,0.8591549295774648,0.8541666666666667,0.8181818181818182,0.8333333333333334,0.875,308,44,36,180,0.8966487794612794,591,0.8646362098138748,0.8594999025151102,0.8237885462555066,0.8385650224215246,0.8804347826086957,324,44,36,187,0.8931931175667771,core,base_conf_core,corr_logreg,0.92,0.6,internal_nested_old_third
591,550,0.9306260575296108,16,0.02707275803722504,25,0.04230118443316413,566,0.9576988155668359,3,2,0,3,2,0,550,0.8745454545454545,0.8640768446106766,0.8296296296296296,0.8235294117647058,0.9046242774566474,313,33,36,168,0.8747166496656467,16,0.75,0.7090909090909091,0.8181818181818182,0.8181818181818182,0.6,3,2,2,9,0.8181818181818181,0.8710247349823321,0.8617703571191944,0.8290398126463701,0.8232558139534883,0.9002849002849003,316,35,38,177,0.8744716093553304,591,0.8764805414551607,0.86724385845194,0.835214446952596,0.8295964125560538,0.904891304347826,333,35,38,185,0.8675789627607721,multiview,gate_logreg,corr_extra,0.88,0.6,internal_nested_old_third
591,331,0.560067681895093,235,0.3976311336717428,25,0.04230118443316413,566,0.9576988155668359,0,0,0,0,0,0,331,0.9003021148036254,0.8934081070444706,0.8641975308641975,0.8677685950413223,0.919047619047619,193,17,16,105,0.9252656434474616,235,0.8085106382978723,0.8081553839164016,0.7692307692307693,0.8064516129032258,0.8098591549295775,115,27,18,75,0.8554444949265486,0.8621908127208481,0.8580607476635513,0.821917808219178,0.8411214953271028,0.875,308,44,34,180,0.8968776550552252,591,0.868020304568528,0.8639842074478457,0.8289473684210527,0.8475336322869955,0.8804347826086957,324,44,34,189,0.8931078182881654,core,base_conf_core,corr_logreg,0.9,0.6,internal_nested_old_third
591,557,0.9424703891708968,7,0.011844331641285956,27,0.04568527918781726,564,0.9543147208121827,0,0,0,0,0,0,557,0.8797127468581688,0.8704348182115951,0.8408551068883611,0.8309859154929577,0.9098837209302325,313,31,36,177,0.8792171634457909,7,0.42857142857142855,0.5,0.6,1.0,0.0,0,4,0,3,0.5833333333333333,0.874113475177305,0.8663793103448276,0.8352668213457076,0.8333333333333334,0.8994252873563219,313,35,36,180,0.8761574074074074,591,0.8798646362098139,0.8717281633846754,0.8404494382022472,0.8385650224215246,0.904891304347826,333,35,36,187,0.8662994735815948,core,gate_logreg,corr_extra,0.88,0.65,internal_nested_old_third
591,331,0.560067681895093,233,0.3942470389170897,27,0.04568527918781726,564,0.9543147208121827,1,2,0,1,2,0,331,0.9003021148036254,0.8934081070444706,0.8641975308641975,0.8677685950413223,0.919047619047619,193,17,16,105,0.9252656434474616,233,0.8025751072961373,0.7991057662658032,0.7578947368421053,0.782608695652174,0.8156028368794326,115,26,20,72,0.8572309589885908,0.8599290780141844,0.8542393964929176,0.8175519630484989,0.8309859154929577,0.8774928774928775,308,43,36,177,0.8933162125650388,591,0.8663282571912013,0.860858598167284,0.82560706401766,0.8385650224215246,0.8831521739130435,325,43,36,187,0.890183271592903,multiview,base_conf_core,corr_logreg,0.9,0.6,internal_nested_old_third
591,364,0.6159052453468697,199,0.33671742808798644,28,0.047377326565143825,563,0.9526226734348562,14,3,0,14,3,0,364,0.9065934065934066,0.8737307290085349,0.8482142857142857,0.7723577235772358,0.975103734439834,235,6,28,95,0.8989980771177006,199,0.8391959798994975,0.8430316091954023,0.8260869565217391,0.8735632183908046,0.8125,91,21,11,76,0.8972701149425287,0.8827708703374778,0.8688992310805341,0.8382352941176471,0.8142857142857143,0.9235127478753541,326,27,39,171,0.905072170511264,591,0.8883248730964467,0.8758712712029635,0.847926267281106,0.8251121076233184,0.9266304347826086,341,27,39,184,0.9000536166894131,core,gate_logreg,corr_logreg,0.92,0.6,internal_nested_old_third
591,385,0.6514382402707276,177,0.29949238578680204,29,0.049069373942470386,562,0.9509306260575296,0,0,0,0,0,0,385,0.8779220779220779,0.8756825162097599,0.8459016393442623,0.8657718120805369,0.885593220338983,209,27,20,129,0.9151973609373223,177,0.8248587570621468,0.8086283185840708,0.7559055118110236,0.75,0.8672566371681416,98,15,16,48,0.8127765486725664,0.8612099644128114,0.8553210379757052,0.8194444444444444,0.8309859154929577,0.8796561604584527,307,42,36,177,0.8914941415445875,591,0.868020304568528,0.862217293819458,0.827433628318584,0.8385650224215246,0.8858695652173914,326,42,36,187,0.8871124975628778,core,base_conf_core,corr_extra,0.88,0.65,internal_nested_old_third
591,331,0.560067681895093,230,0.38917089678510997,30,0.050761421319796954,561,0.949238578680203,0,0,0,0,0,0,331,0.9003021148036254,0.8934081070444706,0.8641975308641975,0.8677685950413223,0.919047619047619,193,17,16,105,0.9252656434474616,230,0.8304347826086956,0.8217645663688828,0.7845303867403315,0.7802197802197802,0.8633093525179856,120,19,20,71,0.8546920705194087,0.8716577540106952,0.8635184083905498,0.8301886792452831,0.8301886792452831,0.8968481375358166,313,36,36,176,0.9027815321403471,591,0.8781725888324873,0.8703694677325015,0.8385650224215246,0.8385650224215246,0.9021739130434783,332,36,36,187,0.8977017937219731,multiview,base_conf_core,corr_extra,0.9,0.6,internal_nested_old_third
591,385,0.6514382402707276,175,0.2961082910321489,31,0.05245346869712352,560,0.9475465313028765,0,0,0,0,0,0,385,0.8779220779220779,0.8756825162097599,0.8459016393442623,0.8657718120805369,0.885593220338983,209,27,20,129,0.9151973609373223,175,0.8228571428571428,0.8140484234234234,0.7633587786259542,0.78125,0.8468468468468469,94,17,14,50,0.8282657657657658,0.8607142857142858,0.8567872170583539,0.8211009174311926,0.8403755868544601,0.8731988472622478,303,44,34,179,0.8880410223106168,591,0.868020304568528,0.8639842074478457,0.8289473684210527,0.8475336322869955,0.8804347826086957,324,44,34,189,0.8839442386430104,core,base_conf_core,corr_logreg,0.88,0.65,internal_nested_old_third
591,286,0.48392554991539766,273,0.4619289340101523,32,0.05414551607445008,559,0.9458544839255499,0,0,0,0,0,0,286,0.916083916083916,0.9061844863731656,0.8846153846153846,0.8679245283018868,0.9444444444444444,170,10,14,92,0.9342243186582809,273,0.8351648351648352,0.8279191532485081,0.7906976744186046,0.794392523364486,0.8614457831325302,143,23,22,85,0.8574484855309086,0.8765652951699463,0.8678050964748025,0.8368794326241135,0.8309859154929577,0.9046242774566474,313,33,36,177,0.9061982686097316,591,0.883248730964467,0.8744455546890232,0.8442437923250564,0.8385650224215246,0.9103260869565217,335,33,36,187,0.900796938974459,multiview,base_conf_core,corr_extra,0.92,0.6,internal_nested_old_third
591,516,0.8730964467005076,43,0.0727580372250423,32,0.05414551607445008,559,0.9458544839255499,19,4,0,19,4,0,516,0.8934108527131783,0.8740017963582918,0.8441926345609065,0.8054054054054054,0.9425981873111783,312,19,36,149,0.8839879154078549,43,0.813953488372093,0.8130434782608695,0.8,0.8,0.8260869565217391,19,4,4,16,0.7804347826086957,0.8658318425760286,0.855057186165082,0.8166259168704156,0.8146341463414634,0.8954802259887006,317,37,38,167,0.8791925037894447,591,0.8730964467005076,0.8645264671475921,0.8314606741573034,0.8295964125560538,0.8994565217391305,331,37,38,185,0.8732209007603822,core,gate_logreg,corr_logreg,0.9,0.65,internal_nested_old_third
591,286,0.48392554991539766,272,0.4602368866328257,33,0.05583756345177665,558,0.9441624365482234,0,0,0,0,0,0,286,0.916083916083916,0.9061844863731656,0.8846153846153846,0.8679245283018868,0.9444444444444444,170,10,14,92,0.9342243186582809,272,0.8382352941176471,0.8305295950155763,0.794392523364486,0.794392523364486,0.8666666666666667,143,22,22,85,0.8460492778249787,0.8781362007168458,0.8691161461522761,0.8388625592417062,0.8309859154929577,0.9072463768115943,313,32,36,177,0.9019936041368987,591,0.8849407783417935,0.8758042503411971,0.8461538461538461,0.8385650224215246,0.9130434782608695,336,32,36,187,0.8967878728797037,core,base_conf_core,corr_extra,0.92,0.65,internal_nested_old_third
591,331,0.560067681895093,227,0.3840947546531303,33,0.05583756345177665,558,0.9441624365482234,0,0,0,0,0,0,331,0.9003021148036254,0.8934081070444706,0.8641975308641975,0.8677685950413223,0.919047619047619,193,17,16,105,0.9252656434474616,227,0.8281938325991189,0.8195458231954582,0.7821229050279329,0.7777777777777778,0.8613138686131386,118,19,20,70,0.8440389294403894,0.8709677419354839,0.8628187442806998,0.8293838862559242,0.8293838862559242,0.8962536023054755,311,36,36,175,0.8996544518349563,591,0.8781725888324873,0.8703694677325015,0.8385650224215246,0.8385650224215246,0.9021739130434783,332,36,36,187,0.8944360499122636,core,base_conf_core,corr_extra,0.9,0.65,internal_nested_old_third
591,550,0.9306260575296108,6,0.01015228426395939,35,0.05922165820642978,556,0.9407783417935702,3,0,0,3,0,0,550,0.8745454545454545,0.8640768446106766,0.8296296296296296,0.8235294117647058,0.9046242774566474,313,33,36,168,0.8747166496656467,6,1.0,1.0,1.0,1.0,1.0,3,0,0,3,1.0,0.8758992805755396,0.8657655412981189,0.8321167883211679,0.8260869565217391,0.9054441260744985,316,33,36,171,0.8765001453428015,591,0.883248730964467,0.8744455546890232,0.8442437923250564,0.8385650224215246,0.9103260869565217,335,33,36,187,0.8675789627607721,multiview,gate_logreg,corr_extra,0.88,0.65,internal_nested_old_third
591,385,0.6514382402707276,171,0.2893401015228426,35,0.05922165820642978,556,0.9407783417935702,0,0,0,0,0,0,385,0.8779220779220779,0.8756825162097599,0.8459016393442623,0.8657718120805369,0.885593220338983,209,27,20,129,0.9151973609373223,171,0.8304093567251462,0.8194444444444444,0.7716535433070866,0.7777777777777778,0.8611111111111112,93,15,14,49,0.8051146384479718,0.8633093525179856,0.8587648091268101,0.8240740740740741,0.839622641509434,0.877906976744186,302,42,34,178,0.8791547827994733,591,0.871404399323181,0.8667015987521934,0.8325991189427313,0.8475336322869955,0.8858695652173914,326,42,34,189,0.8753533827256774,multiview,base_conf_core,corr_logreg,0.88,0.65,internal_nested_old_third
591,331,0.560067681895093,224,0.3790186125211506,36,0.06091370558375635,555,0.9390862944162437,1,1,0,1,1,0,331,0.9003021148036254,0.8934081070444706,0.8641975308641975,0.8677685950413223,0.919047619047619,193,17,16,105,0.9252656434474616,224,0.8125,0.8114973262032086,0.7717391304347826,0.8068181818181818,0.8161764705882353,111,25,17,71,0.8590407754010696,0.8648648648648649,0.8603589899604502,0.8243559718969555,0.8421052631578947,0.8786127167630058,304,42,33,176,0.8940315844788007,591,0.8730964467005076,0.8689437512185612,0.8351648351648352,0.852017937219731,0.8858695652173914,326,42,33,190,0.890183271592903,multiview,base_conf_core,corr_logreg,0.9,0.65,internal_nested_old_third
591,331,0.560067681895093,222,0.3756345177664975,38,0.06429780033840947,553,0.9357021996615905,0,0,0,0,0,0,331,0.9003021148036254,0.8934081070444706,0.8641975308641975,0.8677685950413223,0.919047619047619,193,17,16,105,0.9252656434474616,222,0.8288288288288288,0.8274055926332686,0.7934782608695652,0.8202247191011236,0.8345864661654135,111,22,16,73,0.8600996874207992,0.8716094032549728,0.8669582118561711,0.8337236533957846,0.8476190476190476,0.8862973760932945,304,39,32,178,0.8986116895737887,591,0.8798646362098139,0.8752619906414506,0.8432671081677704,0.8565022421524664,0.8940217391304348,329,39,32,191,0.8931078182881654,core,base_conf_core,corr_logreg,0.9,0.65,internal_nested_old_third
591,286,0.48392554991539766,266,0.4500846023688663,39,0.06598984771573604,552,0.934010152284264,0,0,0,0,0,0,286,0.916083916083916,0.9061844863731656,0.8846153846153846,0.8679245283018868,0.9444444444444444,170,10,14,92,0.9342243186582809,266,0.8233082706766918,0.8209109730848861,0.783410138248848,0.8095238095238095,0.8322981366459627,134,27,20,85,0.8592132505175983,0.8713768115942029,0.8651790802073633,0.8329411764705882,0.8388625592417062,0.8914956011730205,304,37,34,177,0.8989173187308029,591,0.8798646362098139,0.873495077013063,0.8418708240534521,0.8475336322869955,0.8994565217391305,331,37,34,189,0.8931931175667771,core,base_conf_core,corr_logreg,0.92,0.65,internal_nested_old_third
591,500,0.8460236886632826,51,0.08629441624365482,40,0.0676818950930626,551,0.9323181049069373,13,4,0,13,4,0,500,0.896,0.8782915198009538,0.8505747126436781,0.8131868131868132,0.9433962264150944,300,18,34,148,0.8873971940009675,51,0.8235294117647058,0.8238461538461539,0.8235294117647058,0.8076923076923077,0.84,21,4,5,21,0.8323076923076923,0.8838475499092558,0.8716990917246019,0.8423645320197044,0.8221153846153846,0.9212827988338192,316,27,37,171,0.8856666292890782,591,0.8917089678510999,0.8803555761356989,0.8532110091743119,0.8340807174887892,0.9266304347826086,341,27,37,186,0.8756580230064339,multiview,gate_logreg,corr_extra,0.9,0.6,internal_nested_old_third
591,286,0.48392554991539766,265,0.44839255499153974,40,0.0676818950930626,551,0.9323181049069373,0,0,0,0,0,0,286,0.916083916083916,0.9061844863731656,0.8846153846153846,0.8679245283018868,0.9444444444444444,170,10,14,92,0.9342243186582809,265,0.8150943396226416,0.8130037290990015,0.7699530516431925,0.803921568627451,0.8220858895705522,134,29,20,82,0.8441597497894864,0.867513611615245,0.861417918815878,0.8266033254156769,0.8365384615384616,0.8862973760932945,304,39,34,174,0.8877691186364656,591,0.8764805414551607,0.8707776857087152,0.8381374722838137,0.8475336322869955,0.8940217391304348,329,39,34,189,0.884772860206668,multiview,base_conf_core,corr_logreg,0.92,0.65,internal_nested_old_third
591,385,0.6514382402707276,164,0.27749576988155666,42,0.07106598984771574,549,0.9289340101522843,0,0,0,0,0,0,385,0.8779220779220779,0.8756825162097599,0.8459016393442623,0.8657718120805369,0.885593220338983,209,27,20,129,0.9151973609373223,164,0.8475609756097561,0.821549636803874,0.7747747747747747,0.7288135593220338,0.9142857142857143,96,9,16,43,0.8100080710250201,0.8688524590163934,0.8606756147078727,0.8269230769230769,0.8269230769230769,0.8944281524926686,305,36,36,172,0.8935540266185428,591,0.8781725888324873,0.8703694677325015,0.8385650224215246,0.8385650224215246,0.9021739130434783,332,36,36,187,0.8877583349580814,multiview,base_conf_core,corr_extra,0.88,0.65,internal_nested_old_third
591,446,0.754653130287648,99,0.16751269035532995,46,0.077834179357022,545,0.922165820642978,17,6,0,17,6,0,446,0.8878923766816144,0.8668927143105547,0.8366013071895425,0.7901234567901234,0.9436619718309859,268,16,34,128,0.8890193009911319,99,0.8484848484848485,0.8486519607843137,0.845360824742268,0.8541666666666666,0.8431372549019608,43,8,7,41,0.8459967320261439,0.8788990825688073,0.8650675195451315,0.8366336633663366,0.8047619047619048,0.9253731343283582,310,25,41,169,0.8854157782515992,591,0.8883248730964467,0.8741043575745759,0.8465116279069768,0.8161434977578476,0.9320652173913043,343,25,41,182,0.8741470072138818,multiview,gate_logreg,corr_logreg,0.92,0.65,internal_nested_old_third
591,364,0.6159052453468697,177,0.29949238578680204,50,0.08460236886632826,541,0.9153976311336718,10,2,0,10,2,0,364,0.9065934065934066,0.8737307290085349,0.8482142857142857,0.7723577235772358,0.975103734439834,235,6,28,95,0.8989980771177006,177,0.864406779661017,0.8664705882352941,0.8461538461538461,0.88,0.8529411764705882,87,15,9,66,0.9112418300653595,0.8927911275415896,0.8759534116676975,0.8473684210526315,0.8131313131313131,0.9387755102040817,322,21,37,161,0.9081338162970817,591,0.9018612521150592,0.8885077500487424,0.8651162790697674,0.8340807174887892,0.9429347826086957,347,21,37,186,0.9000536166894131,core,gate_logreg,corr_logreg,0.92,0.65,internal_nested_old_third
591,286,0.48392554991539766,254,0.42978003384094754,51,0.08629441624365482,540,0.9137055837563451,0,0,0,0,0,0,286,0.916083916083916,0.9061844863731656,0.8846153846153846,0.8679245283018868,0.9444444444444444,170,10,14,92,0.9342243186582809,254,0.8582677165354331,0.8437275985663082,0.8105263157894737,0.7777777777777778,0.9096774193548387,141,14,22,77,0.8603453893776474,0.8888888888888888,0.8763742264288314,0.8492462311557789,0.824390243902439,0.9283582089552239,311,24,36,169,0.9084091736439752,591,0.8984771573604061,0.8866738155585885,0.8617511520737328,0.8385650224215246,0.9347826086956522,344,24,36,187,0.900796938974459,multiview,base_conf_core,corr_extra,0.92,0.65,internal_nested_old_third
591,331,0.560067681895093,206,0.34856175972927245,54,0.09137055837563451,537,0.9086294416243654,0,0,0,0,0,0,331,0.9003021148036254,0.8934081070444706,0.8641975308641975,0.8677685950413223,0.919047619047619,193,17,16,105,0.9252656434474616,206,0.8592233009708737,0.842716049382716,0.8104575163398693,0.7654320987654321,0.92,115,10,19,62,0.8597530864197531,0.8845437616387337,0.8730678291709768,0.8434343434343434,0.8267326732673267,0.9194029850746268,308,27,35,167,0.9057041525048026,591,0.8950930626057529,0.8848398810684344,0.8584474885844748,0.8430493273542601,0.9266304347826086,341,27,35,188,0.8977017937219731,multiview,base_conf_core,corr_extra,0.9,0.65,internal_nested_old_third
591,364,0.6159052453468697,165,0.27918781725888325,62,0.10490693739424704,529,0.8950930626057529,4,0,0,4,0,0,364,0.9065934065934066,0.8737307290085349,0.8482142857142857,0.7723577235772358,0.975103734439834,235,6,28,95,0.8989980771177006,165,0.8303030303030303,0.8445378151260504,0.8028169014084507,0.9047619047619048,0.7843137254901961,80,22,6,57,0.9094304388422034,0.8827977315689981,0.8677858240070222,0.8306010928961749,0.8172043010752689,0.9183673469387755,315,28,34,152,0.9053732091915108,591,0.8950930626057529,0.8857233378826281,0.8590909090909091,0.8475336322869955,0.9239130434782609,340,28,34,189,0.8934124585689218,core,gate_logreg,corr_extra,0.92,0.6,internal_nested_old_third
591,446,0.754653130287648,81,0.13705583756345177,64,0.10829103214890017,527,0.8917089678510999,10,3,0,10,3,0,446,0.8878923766816144,0.8668927143105547,0.8366013071895425,0.7901234567901234,0.9436619718309859,268,16,34,128,0.8890193009911319,81,0.8765432098765432,0.8776009791921664,0.8717948717948718,0.8947368421052632,0.8604651162790697,37,6,4,34,0.8916768665850674,0.8861480075901328,0.8713608562691132,0.84375,0.81,0.9327217125382263,305,22,38,162,0.8920642201834863,591,0.8984771573604061,0.8849069019302007,0.8604651162790697,0.8295964125560538,0.9402173913043478,346,22,38,185,0.8801423279391694,multiview,gate_logreg,corr_extra,0.92,0.6,internal_nested_old_third
591,500,0.8460236886632826,25,0.04230118443316413,66,0.1116751269035533,525,0.8883248730964467,9,0,0,9,0,0,500,0.896,0.8782915198009538,0.8505747126436781,0.8131868131868132,0.9433962264150944,300,18,34,148,0.8873971940009675,25,0.84,0.8500000000000001,0.8181818181818182,0.9,0.8,12,3,1,9,0.8333333333333334,0.8933333333333333,0.8773226351351351,0.8486486486486486,0.8177083333333334,0.9369369369369369,312,21,35,157,0.8871058558558558,591,0.9052453468697124,0.8929920549814778,0.8703703703703703,0.8430493273542601,0.9429347826086957,347,21,35,188,0.8756580230064339,multiview,gate_logreg,corr_extra,0.9,0.65,internal_nested_old_third
591,516,0.8730964467005076,9,0.015228426395939087,66,0.1116751269035533,525,0.8883248730964467,6,1,0,6,1,0,516,0.8934108527131783,0.8740017963582918,0.8441926345609065,0.8054054054054054,0.9425981873111783,312,19,36,149,0.8839879154078549,9,0.8888888888888888,0.8333333333333333,0.8,0.6666666666666666,1.0,6,0,1,2,1.0,0.8933333333333333,0.8734058337016226,0.8435754189944135,0.8031914893617021,0.9436201780415431,318,19,37,151,0.8833259675484563,591,0.9052453468697124,0.8912251413530903,0.8691588785046729,0.8340807174887892,0.9483695652173914,349,19,37,186,0.8714905439656853,core,gate_logreg,corr_extra,0.9,0.6,internal_nested_old_third
591,516,0.8730964467005076,0,0.0,75,0.12690355329949238,516,0.8730964467005076,0,0,0,0,0,0,516,0.8934108527131783,0.8740017963582918,0.8441926345609065,0.8054054054054054,0.9425981873111783,312,19,36,149,0.8839879154078549,0,,,,,,0,0,0,0,,0.8934108527131783,0.8740017963582918,0.8441926345609065,0.8054054054054054,0.9425981873111783,312,19,36,149,0.8839879154078549,591,0.9069373942470389,0.893467293819458,0.8717948717948718,0.8385650224215246,0.9483695652173914,349,19,36,187,0.8714905439656853,core,gate_logreg,corr_extra,0.9,0.65,internal_nested_old_third
591,364,0.6159052453468697,144,0.2436548223350254,83,0.1404399323181049,508,0.8595600676818951,0,0,0,0,0,0,364,0.9065934065934066,0.8737307290085349,0.8482142857142857,0.7723577235772358,0.975103734439834,235,6,28,95,0.8989980771177006,144,0.875,0.881511746680286,0.847457627118644,0.9090909090909091,0.8539325842696629,76,13,5,50,0.9244126659856997,0.8976377952755905,0.878515491998638,0.847953216374269,0.8146067415730337,0.9424242424242424,311,19,33,145,0.9093632958801499,591,0.9120135363790186,0.9001937512185612,0.8796296296296297,0.852017937219731,0.9483695652173914,349,19,33,190,0.8934124585689218,core,gate_logreg,corr_extra,0.92,0.65,internal_nested_old_third
591,446,0.754653130287648,45,0.07614213197969544,100,0.1692047377326565,491,0.8307952622673435,7,1,0,7,1,0,446,0.8878923766816144,0.8668927143105547,0.8366013071895425,0.7901234567901234,0.9436619718309859,268,16,34,128,0.8890193009911319,45,0.9111111111111111,0.9110671936758893,0.9130434782608695,0.9130434782608695,0.9090909090909091,20,2,2,21,0.9031620553359684,0.890020366598778,0.8732909379968203,0.8465909090909091,0.8054054054054054,0.9411764705882353,288,18,36,149,0.8946475887652359,591,0.9086294416243654,0.8948259894716319,0.8738317757009346,0.8385650224215246,0.9510869565217391,350,18,36,187,0.8801423279391694,multiview,gate_logreg,corr_extra,0.92,0.65,internal_nested_old_third
108,58,0.5370370370370371,50,0.46296296296296297,0,0.0,108,1.0,0,0,0,0,0,0,58,0.7241379310344828,0.7042424242424243,0.7777777777777778,0.8484848484848485,0.56,14,11,5,28,0.6303030303030304,50,0.68,0.5595238095238095,0.3333333333333333,0.2857142857142857,0.8333333333333334,30,6,10,4,0.4027777777777778,0.7037037037037037,0.7010812696198117,0.6666666666666666,0.6808510638297872,0.7213114754098361,44,17,15,32,0.6592256714335543,108,0.7037037037037037,0.7010812696198117,0.6666666666666666,0.6808510638297872,0.7213114754098361,44,17,15,32,0.6592256714335543,core,base_conf_core,corr_extra,0.88,0.0,strict_external_locked
108,52,0.48148148148148145,56,0.5185185185185185,0,0.0,108,1.0,0,0,0,0,0,0,52,0.7115384615384616,0.6994047619047619,0.7619047619047619,0.8571428571428571,0.5416666666666666,13,11,4,24,0.6339285714285715,56,0.6964285714285714,0.6294452347083925,0.48484848484848486,0.42105263157894735,0.8378378378378378,31,6,11,8,0.5021337126600285,0.7037037037037037,0.7010812696198117,0.6666666666666666,0.6808510638297872,0.7213114754098361,44,17,15,32,0.6543425183118242,108,0.7037037037037037,0.7010812696198117,0.6666666666666666,0.6808510638297872,0.7213114754098361,44,17,15,32,0.6543425183118242,core,base_conf_core,corr_extra,0.9,0.0,strict_external_locked
108,30,0.2777777777777778,78,0.7222222222222222,0,0.0,108,1.0,0,0,0,0,0,0,30,0.6666666666666666,0.6877828054298643,0.6875,0.8461538461538461,0.5294117647058824,9,8,2,11,0.6289592760180995,78,0.717948717948718,0.7065508021390374,0.65625,0.6176470588235294,0.7954545454545454,35,9,13,21,0.643048128342246,0.7037037037037037,0.7010812696198117,0.6666666666666666,0.6808510638297872,0.7213114754098361,44,17,15,32,0.6525985350540634,108,0.7037037037037037,0.7010812696198117,0.6666666666666666,0.6808510638297872,0.7213114754098361,44,17,15,32,0.6525985350540634,core,base_conf_core,corr_extra,0.92,0.0,strict_external_locked
108,95,0.8796296296296297,13,0.12037037037037036,0,0.0,108,1.0,0,0,0,0,0,0,95,0.6947368421052632,0.6766076421248834,0.6027397260273972,0.5945945945945946,0.7586206896551724,44,14,15,22,0.6458527493010252,13,0.7692307692307693,0.5,0.8695652173913043,1.0,0.0,0,3,0,10,0.4666666666666667,0.7037037037037037,0.7010812696198117,0.6666666666666666,0.6808510638297872,0.7213114754098361,44,17,15,32,0.6679455877223579,108,0.7037037037037037,0.7010812696198117,0.6666666666666666,0.6808510638297872,0.7213114754098361,44,17,15,32,0.6679455877223579,core,gate_logreg,corr_extra,0.88,0.0,strict_external_locked
108,82,0.7592592592592593,26,0.24074074074074073,0,0.0,108,1.0,0,0,0,0,0,0,82,0.7195121951219512,0.6730769230769231,0.5660377358490566,0.5,0.8461538461538461,44,8,15,15,0.6153846153846153,26,0.6538461538461539,0.5,0.7906976744186046,1.0,0.0,0,9,0,17,0.40522875816993464,0.7037037037037037,0.7010812696198117,0.6666666666666666,0.6808510638297872,0.7213114754098361,44,17,15,32,0.65364492500872,108,0.7037037037037037,0.7010812696198117,0.6666666666666666,0.6808510638297872,0.7213114754098361,44,17,15,32,0.65364492500872,core,gate_logreg,corr_extra,0.9,0.0,strict_external_locked
108,26,0.24074074074074073,82,0.7592592592592593,0,0.0,108,1.0,0,0,0,0,0,0,26,0.7307692307692307,0.7708333333333333,0.6666666666666666,0.875,0.6666666666666666,12,6,1,7,0.7291666666666666,82,0.6951219512195121,0.6926058437686344,0.6666666666666666,0.6410256410256411,0.7441860465116279,32,11,14,25,0.6732259988073941,0.7037037037037037,0.7010812696198117,0.6666666666666666,0.6808510638297872,0.7213114754098361,44,17,15,32,0.6543425183118241,108,0.7037037037037037,0.7010812696198117,0.6666666666666666,0.6808510638297872,0.7213114754098361,44,17,15,32,0.6543425183118241,core,gate_logreg,corr_extra,0.92,0.0,strict_external_locked
108,58,0.5370370370370371,50,0.46296296296296297,0,0.0,108,1.0,0,0,0,0,0,0,58,0.7241379310344828,0.7042424242424243,0.7777777777777778,0.8484848484848485,0.56,14,11,5,28,0.6303030303030304,50,0.68,0.5595238095238095,0.3333333333333333,0.2857142857142857,0.8333333333333334,30,6,10,4,0.3472222222222222,0.7037037037037037,0.7010812696198117,0.6666666666666666,0.6808510638297872,0.7213114754098361,44,17,15,32,0.6410882455528426,108,0.7037037037037037,0.7010812696198117,0.6666666666666666,0.6808510638297872,0.7213114754098361,44,17,15,32,0.6410882455528426,multiview,base_conf_core,corr_extra,0.88,0.0,strict_external_locked
108,52,0.48148148148148145,56,0.5185185185185185,0,0.0,108,1.0,0,0,0,0,0,0,52,0.7115384615384616,0.6994047619047619,0.7619047619047619,0.8571428571428571,0.5416666666666666,13,11,4,24,0.6339285714285715,56,0.6964285714285714,0.6294452347083925,0.48484848484848486,0.42105263157894735,0.8378378378378378,31,6,11,8,0.45661450924608815,0.7037037037037037,0.7010812696198117,0.6666666666666666,0.6808510638297872,0.7213114754098361,44,17,15,32,0.6334147192186956,108,0.7037037037037037,0.7010812696198117,0.6666666666666666,0.6808510638297872,0.7213114754098361,44,17,15,32,0.6334147192186956,multiview,base_conf_core,corr_extra,0.9,0.0,strict_external_locked
108,30,0.2777777777777778,78,0.7222222222222222,0,0.0,108,1.0,0,0,0,0,0,0,30,0.6666666666666666,0.6877828054298643,0.6875,0.8461538461538461,0.5294117647058824,9,8,2,11,0.6289592760180995,78,0.717948717948718,0.7065508021390374,0.65625,0.6176470588235294,0.7954545454545454,35,9,13,21,0.6102941176470589,0.7037037037037037,0.7010812696198117,0.6666666666666666,0.6808510638297872,0.7213114754098361,44,17,15,32,0.6292291594000697,108,0.7037037037037037,0.7010812696198117,0.6666666666666666,0.6808510638297872,0.7213114754098361,44,17,15,32,0.6292291594000697,multiview,base_conf_core,corr_extra,0.92,0.0,strict_external_locked
108,99,0.9166666666666666,9,0.08333333333333333,0,0.0,108,1.0,0,0,0,0,0,0,99,0.696969696969697,0.6853813559322034,0.625,0.625,0.7457627118644068,44,15,15,25,0.6605932203389829,9,0.7777777777777778,0.5,0.875,1.0,0.0,0,2,0,7,0.3571428571428571,0.7037037037037037,0.7010812696198117,0.6666666666666666,0.6808510638297872,0.7213114754098361,44,17,15,32,0.6431810254621555,108,0.7037037037037037,0.7010812696198117,0.6666666666666666,0.6808510638297872,0.7213114754098361,44,17,15,32,0.6431810254621555,multiview,gate_logreg,corr_extra,0.88,0.0,strict_external_locked
108,75,0.6944444444444444,33,0.3055555555555556,0,0.0,108,1.0,0,0,0,0,0,0,75,0.6933333333333334,0.6544227886056971,0.5490196078431373,0.4827586206896552,0.8260869565217391,38,8,15,14,0.5884557721139431,33,0.7272727272727273,0.7,0.8,1.0,0.4,6,9,0,18,0.6444444444444444,0.7037037037037037,0.7010812696198117,0.6666666666666666,0.6808510638297872,0.7213114754098361,44,17,15,32,0.6396930589466341,108,0.7037037037037037,0.7010812696198117,0.6666666666666666,0.6808510638297872,0.7213114754098361,44,17,15,32,0.6396930589466341,multiview,gate_logreg,corr_extra,0.9,0.0,strict_external_locked
108,68,0.6296296296296297,40,0.37037037037037035,0,0.0,108,1.0,0,0,0,0,0,0,68,0.6617647058823529,0.6321428571428571,0.5306122448979592,0.4642857142857143,0.8,32,8,15,13,0.5723214285714286,40,0.775,0.7857142857142857,0.8085106382978723,1.0,0.5714285714285714,12,9,0,19,0.7543859649122806,0.7037037037037037,0.7010812696198117,0.6666666666666666,0.6808510638297872,0.7213114754098361,44,17,15,32,0.6588768747820022,108,0.7037037037037037,0.7010812696198117,0.6666666666666666,0.6808510638297872,0.7213114754098361,44,17,15,32,0.6588768747820022,multiview,gate_logreg,corr_extra,0.92,0.0,strict_external_locked
108,58,0.5370370370370371,50,0.46296296296296297,0,0.0,108,1.0,0,1,0,0,1,0,58,0.7241379310344828,0.7042424242424243,0.7777777777777778,0.8484848484848485,0.56,14,11,5,28,0.6303030303030304,50,0.66,0.5238095238095238,0.2608695652173913,0.21428571428571427,0.8333333333333334,30,6,11,3,0.4801587301587301,0.6944444444444444,0.6904429717474712,0.6526315789473685,0.6595744680851063,0.7213114754098361,44,17,16,31,0.6449250087199162,108,0.6944444444444444,0.6904429717474712,0.6526315789473685,0.6595744680851063,0.7213114754098361,44,17,16,31,0.6449250087199162,core,base_conf_core,corr_logreg,0.88,0.0,strict_external_locked
108,52,0.48148148148148145,56,0.5185185185185185,0,0.0,108,1.0,0,1,0,0,1,0,52,0.7115384615384616,0.6994047619047619,0.7619047619047619,0.8571428571428571,0.5416666666666666,13,11,4,24,0.6339285714285715,56,0.6785714285714286,0.6031294452347084,0.4375,0.3684210526315789,0.8378378378378378,31,6,12,7,0.5561877667140824,0.6944444444444444,0.6904429717474712,0.6526315789473685,0.6595744680851063,0.7213114754098361,44,17,16,31,0.6407394489012905,108,0.6944444444444444,0.6904429717474712,0.6526315789473685,0.6595744680851063,0.7213114754098361,44,17,16,31,0.6407394489012905,core,base_conf_core,corr_logreg,0.9,0.0,strict_external_locked
108,58,0.5370370370370371,50,0.46296296296296297,0,0.0,108,1.0,1,2,0,1,2,0,58,0.7241379310344828,0.7042424242424243,0.7777777777777778,0.8484848484848485,0.56,14,11,5,28,0.6303030303030304,50,0.66,0.501984126984127,0.19047619047619047,0.14285714285714285,0.8611111111111112,31,5,12,2,0.376984126984127,0.6944444444444444,0.6880013951866062,0.6451612903225806,0.6382978723404256,0.7377049180327869,45,16,17,30,0.6250435995814441,108,0.6944444444444444,0.6880013951866062,0.6451612903225806,0.6382978723404256,0.7377049180327869,45,16,17,30,0.6250435995814441,multiview,base_conf_core,corr_logreg,0.88,0.0,strict_external_locked
108,52,0.48148148148148145,56,0.5185185185185185,0,0.0,108,1.0,1,4,0,1,4,0,52,0.7115384615384616,0.6994047619047619,0.7619047619047619,0.8571428571428571,0.5416666666666666,13,11,4,24,0.6339285714285715,56,0.6428571428571429,0.5376955903271693,0.2857142857142857,0.21052631578947367,0.8648648648648649,32,5,15,4,0.4850640113798008,0.6759259259259259,0.6667247994419254,0.6153846153846154,0.5957446808510638,0.7377049180327869,45,16,19,28,0.6191140565050575,108,0.6759259259259259,0.6667247994419254,0.6153846153846154,0.5957446808510638,0.7377049180327869,45,16,19,28,0.6191140565050575,multiview,base_conf_core,corr_logreg,0.9,0.0,strict_external_locked
108,30,0.2777777777777778,78,0.7222222222222222,0,0.0,108,1.0,2,5,0,2,5,0,30,0.6666666666666666,0.6877828054298643,0.6875,0.8461538461538461,0.5294117647058824,9,8,2,11,0.6289592760180995,78,0.6794871794871795,0.6557486631016043,0.5614035087719298,0.47058823529411764,0.8409090909090909,37,7,18,16,0.623663101604278,0.6759259259259259,0.6642832228810603,0.6067415730337079,0.574468085106383,0.7540983606557377,46,15,20,27,0.6229508196721312,108,0.6759259259259259,0.6642832228810603,0.6067415730337079,0.574468085106383,0.7540983606557377,46,15,20,27,0.6229508196721312,core,base_conf_core,corr_logreg,0.92,0.0,strict_external_locked
108,95,0.8796296296296297,13,0.12037037037037036,0,0.0,108,1.0,2,5,0,2,5,0,95,0.6947368421052632,0.6766076421248834,0.6027397260273972,0.5945945945945946,0.7586206896551724,44,14,15,22,0.6458527493010252,13,0.5384615384615384,0.5833333333333333,0.625,0.5,0.6666666666666666,2,1,5,5,0.33333333333333337,0.6759259259259259,0.6642832228810603,0.6067415730337079,0.574468085106383,0.7540983606557377,46,15,20,27,0.6100453435647017,108,0.6759259259259259,0.6642832228810603,0.6067415730337079,0.574468085106383,0.7540983606557377,46,15,20,27,0.6100453435647017,core,gate_logreg,corr_logreg,0.88,0.0,strict_external_locked
108,82,0.7592592592592593,26,0.24074074074074073,0,0.0,108,1.0,2,5,0,2,5,0,82,0.7195121951219512,0.6730769230769231,0.5660377358490566,0.5,0.8461538461538461,44,8,15,15,0.6153846153846153,26,0.5384615384615384,0.46405228758169936,0.6666666666666666,0.7058823529411765,0.2222222222222222,2,7,5,12,0.2875816993464052,0.6759259259259259,0.6642832228810603,0.6067415730337079,0.574468085106383,0.7540983606557377,46,15,20,27,0.5912103243808859,108,0.6759259259259259,0.6642832228810603,0.6067415730337079,0.574468085106383,0.7540983606557377,46,15,20,27,0.5912103243808859,core,gate_logreg,corr_logreg,0.9,0.0,strict_external_locked
108,26,0.24074074074074073,82,0.7592592592592593,0,0.0,108,1.0,2,5,0,2,5,0,26,0.7307692307692307,0.7708333333333333,0.6666666666666666,0.875,0.6666666666666666,12,6,1,7,0.7291666666666666,82,0.6585365853658537,0.6517590936195587,0.5882352941176471,0.5128205128205128,0.7906976744186046,34,9,19,20,0.6917113893858081,0.6759259259259259,0.6642832228810603,0.6067415730337079,0.574468085106383,0.7540983606557377,46,15,20,27,0.6459713986745728,108,0.6759259259259259,0.6642832228810603,0.6067415730337079,0.574468085106383,0.7540983606557377,46,15,20,27,0.6459713986745728,core,gate_logreg,corr_logreg,0.92,0.0,strict_external_locked
108,99,0.9166666666666666,9,0.08333333333333333,0,0.0,108,1.0,2,6,0,2,6,0,99,0.696969696969697,0.6853813559322034,0.625,0.625,0.7457627118644068,44,15,15,25,0.6605932203389829,9,0.3333333333333333,0.5714285714285714,0.25,0.14285714285714285,1.0,2,0,6,1,0.5,0.6666666666666666,0.65364492500872,0.5909090909090909,0.5531914893617021,0.7540983606557377,46,15,21,26,0.5992326473665853,108,0.6666666666666666,0.65364492500872,0.5909090909090909,0.5531914893617021,0.7540983606557377,46,15,21,26,0.5992326473665853,multiview,gate_logreg,corr_logreg,0.88,0.0,strict_external_locked
108,99,0.9166666666666666,9,0.08333333333333333,0,0.0,108,1.0,2,6,0,2,6,0,99,0.696969696969697,0.6853813559322034,0.625,0.625,0.7457627118644068,44,15,15,25,0.6605932203389829,9,0.3333333333333333,0.5714285714285714,0.25,0.14285714285714285,1.0,2,0,6,1,0.5,0.6666666666666666,0.65364492500872,0.5909090909090909,0.5531914893617021,0.7540983606557377,46,15,21,26,0.5992326473665853,108,0.6666666666666666,0.65364492500872,0.5909090909090909,0.5531914893617021,0.7540983606557377,46,15,21,26,0.5992326473665853,multiview,gate_logreg,corr_logreg,0.88,0.6,strict_external_locked
108,75,0.6944444444444444,33,0.3055555555555556,0,0.0,108,1.0,4,10,0,4,10,0,75,0.6933333333333334,0.6544227886056971,0.5490196078431373,0.4827586206896552,0.8260869565217391,38,8,15,14,0.5884557721139431,33,0.5454545454545454,0.5555555555555556,0.5161290322580645,0.4444444444444444,0.6666666666666666,10,5,10,8,0.44814814814814813,0.6481481481481481,0.627485176142309,0.5365853658536586,0.46808510638297873,0.7868852459016393,48,13,25,22,0.5305197070108127,108,0.6481481481481481,0.627485176142309,0.5365853658536586,0.46808510638297873,0.7868852459016393,48,13,25,22,0.5305197070108127,multiview,gate_logreg,corr_logreg,0.9,0.0,strict_external_locked
108,68,0.6296296296296297,40,0.37037037037037035,0,0.0,108,1.0,4,10,0,4,10,0,68,0.6617647058823529,0.6321428571428571,0.5306122448979592,0.4642857142857143,0.8,32,8,15,13,0.5723214285714286,40,0.625,0.6177944862155388,0.5454545454545454,0.47368421052631576,0.7619047619047619,16,5,10,9,0.543859649122807,0.6481481481481481,0.627485176142309,0.5365853658536586,0.46808510638297873,0.7868852459016393,48,13,25,22,0.5580746424834322,108,0.6481481481481481,0.627485176142309,0.5365853658536586,0.46808510638297873,0.7868852459016393,48,13,25,22,0.5580746424834322,multiview,gate_logreg,corr_logreg,0.92,0.0,strict_external_locked
108,30,0.2777777777777778,78,0.7222222222222222,0,0.0,108,1.0,3,10,0,3,10,0,30,0.6666666666666666,0.6877828054298643,0.6875,0.8461538461538461,0.5294117647058824,9,8,2,11,0.6289592760180995,78,0.6282051282051282,0.5935828877005348,0.43137254901960786,0.3235294117647059,0.8636363636363636,38,6,23,11,0.5207219251336899,0.6388888888888888,0.6192884548308336,0.5301204819277109,0.46808510638297873,0.7704918032786885,47,14,25,22,0.5538890826648064,108,0.6388888888888888,0.6192884548308336,0.5301204819277109,0.46808510638297873,0.7704918032786885,47,14,25,22,0.5538890826648064,multiview,base_conf_core,corr_logreg,0.92,0.0,strict_external_locked
108,58,0.5370370370370371,49,0.4537037037037037,1,0.009259259259259259,107,0.9907407407407407,0,0,0,0,0,0,58,0.7241379310344828,0.7042424242424243,0.7777777777777778,0.8484848484848485,0.56,14,11,5,28,0.6303030303030304,49,0.673469387755102,0.532051282051282,0.2727272727272727,0.23076923076923078,0.8333333333333334,30,6,10,3,0.3696581196581196,0.7009345794392523,0.6976122594440485,0.6595744680851063,0.6739130434782609,0.7213114754098361,44,17,15,31,0.6578759800427655,108,0.7037037037037037,0.7010812696198117,0.6666666666666666,0.6808510638297872,0.7213114754098361,44,17,15,32,0.6592256714335543,core,base_conf_core,corr_extra,0.88,0.6,strict_external_locked
108,52,0.48148148148148145,55,0.5092592592592593,1,0.009259259259259259,107,0.9907407407407407,0,0,0,0,0,0,52,0.7115384615384616,0.6994047619047619,0.7619047619047619,0.8571428571428571,0.5416666666666666,13,11,4,24,0.6339285714285715,55,0.6909090909090909,0.6133633633633634,0.45161290322580644,0.3888888888888889,0.8378378378378378,31,6,11,7,0.48348348348348347,0.7009345794392523,0.6976122594440485,0.6595744680851063,0.6739130434782609,0.7213114754098361,44,17,15,31,0.6528866714183892,108,0.7037037037037037,0.7010812696198117,0.6666666666666666,0.6808510638297872,0.7213114754098361,44,17,15,32,0.6543425183118242,core,base_conf_core,corr_extra,0.9,0.6,strict_external_locked
108,58,0.5370370370370371,48,0.4444444444444444,2,0.018518518518518517,106,0.9814814814814815,0,2,0,0,2,0,58,0.7241379310344828,0.7042424242424243,0.7777777777777778,0.8484848484848485,0.56,14,11,5,28,0.6303030303030304,48,0.6666666666666666,0.5126050420168067,0.2,0.14285714285714285,0.8823529411764706,30,4,12,2,0.3907563025210084,0.6981132075471698,0.6920302921024162,0.6521739130434783,0.6382978723404256,0.7457627118644068,44,15,17,30,0.6245943021997837,108,0.7037037037037037,0.6961981164980816,0.6521739130434783,0.6382978723404256,0.7540983606557377,46,15,17,30,0.6250435995814441,multiview,base_conf_core,corr_logreg,0.88,0.6,strict_external_locked
108,95,0.8796296296296297,11,0.10185185185185185,2,0.018518518518518517,106,0.9814814814814815,2,5,0,2,5,0,95,0.6947368421052632,0.6766076421248834,0.6027397260273972,0.5945945945945946,0.7586206896551724,44,14,15,22,0.6458527493010252,11,0.45454545454545453,0.5208333333333333,0.5,0.375,0.6666666666666666,2,1,5,3,0.25,0.6698113207547169,0.6548269581056466,0.5882352941176471,0.5555555555555556,0.7540983606557377,46,15,20,25,0.6083788706739526,108,0.6759259259259259,0.6642832228810603,0.6067415730337079,0.574468085106383,0.7540983606557377,46,15,20,27,0.6163236832926403,core,gate_logreg,corr_logreg,0.88,0.6,strict_external_locked
108,82,0.7592592592592593,24,0.2222222222222222,2,0.018518518518518517,106,0.9814814814814815,2,5,0,2,5,0,82,0.7195121951219512,0.6730769230769231,0.5660377358490566,0.5,0.8461538461538461,44,8,15,15,0.6153846153846153,24,0.5,0.4444444444444444,0.625,0.6666666666666666,0.2222222222222222,2,7,5,10,0.2962962962962963,0.6698113207547169,0.6548269581056466,0.5882352941176471,0.5555555555555556,0.7540983606557377,46,15,20,25,0.5890710382513661,108,0.6759259259259259,0.6642832228810603,0.6067415730337079,0.574468085106383,0.7540983606557377,46,15,20,27,0.5964422741541682,core,gate_logreg,corr_logreg,0.9,0.6,strict_external_locked
108,26,0.24074074074074073,80,0.7407407407407407,2,0.018518518518518517,106,0.9814814814814815,2,5,0,2,5,0,26,0.7307692307692307,0.7708333333333333,0.6666666666666666,0.875,0.6666666666666666,12,6,1,7,0.7291666666666666,80,0.65,0.6385920804525456,0.5625,0.4864864864864865,0.7906976744186046,34,9,19,18,0.6863607793840352,0.6698113207547169,0.6548269581056466,0.5882352941176471,0.5555555555555556,0.7540983606557377,46,15,20,25,0.6422586520947177,108,0.6759259259259259,0.6642832228810603,0.6067415730337079,0.574468085106383,0.7540983606557377,46,15,20,27,0.6480641785838855,core,gate_logreg,corr_logreg,0.92,0.6,strict_external_locked
108,99,0.9166666666666666,7,0.06481481481481481,2,0.018518518518518517,106,0.9814814814814815,2,5,0,2,5,0,99,0.696969696969697,0.6853813559322034,0.625,0.625,0.7457627118644068,44,15,15,25,0.6605932203389829,7,0.2857142857142857,0.5,0.0,0.0,1.0,2,0,5,0,0.3,0.6698113207547169,0.6548269581056466,0.5882352941176471,0.5555555555555556,0.7540983606557377,46,15,20,25,0.6010928961748634,108,0.6759259259259259,0.6642832228810603,0.6067415730337079,0.574468085106383,0.7540983606557377,46,15,20,27,0.6076037670038368,multiview,gate_logreg,corr_logreg,0.88,0.65,strict_external_locked
108,58,0.5370370370370371,47,0.4351851851851852,3,0.027777777777777776,105,0.9722222222222222,0,0,0,0,0,0,58,0.7241379310344828,0.7042424242424243,0.7777777777777778,0.8484848484848485,0.56,14,11,5,28,0.6303030303030304,47,0.6595744680851063,0.46212121212121215,0.1111111111111111,0.09090909090909091,0.8333333333333334,30,6,10,1,0.2146464646464646,0.6952380952380952,0.6902011922503726,0.6444444444444445,0.6590909090909091,0.7213114754098361,44,17,15,29,0.635618479880775,108,0.7037037037037037,0.7010812696198117,0.6666666666666666,0.6808510638297872,0.7213114754098361,44,17,15,32,0.6414370422043949,multiview,base_conf_core,corr_extra,0.88,0.6,strict_external_locked
108,52,0.48148148148148145,53,0.49074074074074076,3,0.027777777777777776,105,0.9722222222222222,0,0,0,0,0,0,52,0.7115384615384616,0.6994047619047619,0.7619047619047619,0.8571428571428571,0.5416666666666666,13,11,4,24,0.6339285714285715,53,0.6792452830188679,0.5751689189189189,0.37037037037037035,0.3125,0.8378378378378378,31,6,11,5,0.38513513513513514,0.6952380952380952,0.6902011922503726,0.6444444444444445,0.6590909090909091,0.7213114754098361,44,17,15,29,0.6274217585692995,108,0.7037037037037037,0.7010812696198117,0.6666666666666666,0.6808510638297872,0.7213114754098361,44,17,15,32,0.6337635158702476,multiview,base_conf_core,corr_extra,0.9,0.6,strict_external_locked
108,58,0.5370370370370371,46,0.42592592592592593,4,0.037037037037037035,104,0.9629629629629629,0,0,0,0,0,0,58,0.7241379310344828,0.7042424242424243,0.7777777777777778,0.8484848484848485,0.56,14,11,5,28,0.6303030303030304,46,0.6739130434782609,0.474025974025974,0.11764705882352941,0.09090909090909091,0.8571428571428571,30,5,10,1,0.2909090909090909,0.7019230769230769,0.6962121212121212,0.651685393258427,0.6590909090909091,0.7333333333333333,44,16,15,29,0.6549242424242424,108,0.7129629629629629,0.7092779909312871,0.6736842105263158,0.6808510638297872,0.7377049180327869,45,16,15,32,0.6602720613882107,core,base_conf_core,corr_extra,0.88,0.65,strict_external_locked
108,52,0.48148148148148145,51,0.4722222222222222,5,0.046296296296296294,103,0.9537037037037037,0,2,0,0,2,0,52,0.7115384615384616,0.6994047619047619,0.7619047619047619,0.8571428571428571,0.5416666666666666,13,11,4,24,0.6339285714285715,51,0.6666666666666666,0.5366071428571428,0.2608695652173913,0.1875,0.8857142857142857,31,4,13,3,0.4285714285714286,0.6893203883495146,0.6796995377503852,0.627906976744186,0.6136363636363636,0.7457627118644068,44,15,17,27,0.6113251155624035,108,0.7037037037037037,0.6961981164980816,0.6521739130434783,0.6382978723404256,0.7540983606557377,46,15,17,30,0.620509243111266,multiview,base_conf_core,corr_logreg,0.9,0.6,strict_external_locked
108,58,0.5370370370370371,45,0.4166666666666667,5,0.046296296296296294,103,0.9537037037037037,0,1,0,0,1,0,58,0.7241379310344828,0.7042424242424243,0.7777777777777778,0.8484848484848485,0.56,14,11,5,28,0.6303030303030304,45,0.6222222222222222,0.4831730769230769,0.19047619047619047,0.15384615384615385,0.8125,26,6,11,2,0.4903846153846154,0.6796116504854369,0.6769641495041953,0.6451612903225806,0.6521739130434783,0.7017543859649122,40,17,16,30,0.6426392067124334,108,0.6944444444444444,0.6904429717474712,0.6526315789473685,0.6595744680851063,0.7213114754098361,44,17,16,31,0.6449250087199162,core,base_conf_core,corr_logreg,0.88,0.6,strict_external_locked
108,52,0.48148148148148145,51,0.4722222222222222,5,0.046296296296296294,103,0.9537037037037037,0,1,0,0,1,0,52,0.7115384615384616,0.6994047619047619,0.7619047619047619,0.8571428571428571,0.5416666666666666,13,11,4,24,0.6339285714285715,51,0.6470588235294118,0.5757575757575758,0.4,0.3333333333333333,0.8181818181818182,27,6,12,6,0.5656565656565657,0.6796116504854369,0.6769641495041953,0.6451612903225806,0.6521739130434783,0.7017543859649122,40,17,16,30,0.6380625476735318,108,0.6944444444444444,0.6904429717474712,0.6526315789473685,0.6595744680851063,0.7213114754098361,44,17,16,31,0.6407394489012905,core,base_conf_core,corr_logreg,0.9,0.6,strict_external_locked
108,95,0.8796296296296297,8,0.07407407407407407,5,0.046296296296296294,103,0.9537037037037037,2,5,0,2,5,0,95,0.6947368421052632,0.6766076421248834,0.6027397260273972,0.5945945945945946,0.7586206896551724,44,14,15,22,0.6458527493010252,8,0.25,0.3333333333333333,0.0,0.0,0.6666666666666666,2,1,5,0,0.0,0.6601941747572816,0.6389539422326307,0.5569620253164557,0.5238095238095238,0.7540983606557377,46,15,20,22,0.5956284153005464,108,0.6759259259259259,0.6642832228810603,0.6067415730337079,0.574468085106383,0.7540983606557377,46,15,20,27,0.6184164632019533,core,gate_logreg,corr_logreg,0.88,0.65,strict_external_locked
108,58,0.5370370370370371,44,0.4074074074074074,6,0.05555555555555555,102,0.9444444444444444,0,1,0,0,1,0,58,0.7241379310344828,0.7042424242424243,0.7777777777777778,0.8484848484848485,0.56,14,11,5,28,0.6303030303030304,44,0.6590909090909091,0.4791666666666667,0.11764705882352941,0.08333333333333333,0.875,28,4,11,1,0.328125,0.696078431372549,0.6906432748538012,0.651685393258427,0.6444444444444445,0.7368421052631579,42,15,16,29,0.619103313840156,108,0.7129629629629629,0.706836414370422,0.6666666666666666,0.6595744680851063,0.7540983606557377,46,15,16,31,0.6257411928845482,multiview,base_conf_core,corr_logreg,0.88,0.65,strict_external_locked
108,52,0.48148148148148145,50,0.46296296296296297,6,0.05555555555555555,102,0.9444444444444444,0,0,0,0,0,0,52,0.7115384615384616,0.6994047619047619,0.7619047619047619,0.8571428571428571,0.5416666666666666,13,11,4,24,0.6339285714285715,50,0.68,0.5376984126984127,0.2727272727272727,0.21428571428571427,0.8611111111111112,31,5,11,3,0.3829365079365079,0.696078431372549,0.6880952380952381,0.6352941176470588,0.6428571428571429,0.7333333333333333,44,16,15,27,0.6456349206349207,108,0.7129629629629629,0.7092779909312871,0.6736842105263158,0.6808510638297872,0.7377049180327869,45,16,15,32,0.6553889082664807,core,base_conf_core,corr_extra,0.9,0.65,strict_external_locked
108,30,0.2777777777777778,72,0.6666666666666666,6,0.05555555555555555,102,0.9444444444444444,0,0,0,0,0,0,30,0.6666666666666666,0.6877828054298643,0.6875,0.8461538461538461,0.5294117647058824,9,8,2,11,0.6289592760180995,72,0.7083333333333334,0.6828388131515637,0.6037735849056604,0.5517241379310345,0.813953488372093,35,8,13,16,0.6174819566960706,0.696078431372549,0.6880952380952381,0.6352941176470588,0.6428571428571429,0.7333333333333333,44,16,15,27,0.6440476190476191,108,0.7129629629629629,0.7092779909312871,0.6736842105263158,0.6808510638297872,0.7377049180327869,45,16,15,32,0.656435298221137,core,base_conf_core,corr_extra,0.92,0.6,strict_external_locked
108,95,0.8796296296296297,7,0.06481481481481481,6,0.05555555555555555,102,0.9444444444444444,0,0,0,0,0,0,95,0.6947368421052632,0.6766076421248834,0.6027397260273972,0.5945945945945946,0.7586206896551724,44,14,15,22,0.6458527493010252,7,0.7142857142857143,0.5,0.8333333333333334,1.0,0.0,0,2,0,5,0.8,0.696078431372549,0.6880952380952381,0.6352941176470588,0.6428571428571429,0.7333333333333333,44,16,15,27,0.6662698412698413,108,0.7129629629629629,0.7092779909312871,0.6736842105263158,0.6808510638297872,0.7377049180327869,45,16,15,32,0.6815486571328916,core,gate_logreg,corr_extra,0.88,0.6,strict_external_locked
108,82,0.7592592592592593,20,0.18518518518518517,6,0.05555555555555555,102,0.9444444444444444,0,0,0,0,0,0,82,0.7195121951219512,0.6730769230769231,0.5660377358490566,0.5,0.8461538461538461,44,8,15,15,0.6153846153846153,20,0.6,0.5,0.75,1.0,0.0,0,8,0,12,0.5104166666666667,0.696078431372549,0.6880952380952381,0.6352941176470588,0.6428571428571429,0.7333333333333333,44,16,15,27,0.651984126984127,108,0.7129629629629629,0.7092779909312871,0.6736842105263158,0.6808510638297872,0.7377049180327869,45,16,15,32,0.6641088245552844,core,gate_logreg,corr_extra,0.9,0.6,strict_external_locked
108,26,0.24074074074074073,76,0.7037037037037037,6,0.05555555555555555,102,0.9444444444444444,0,0,0,0,0,0,26,0.7307692307692307,0.7708333333333333,0.6666666666666666,0.875,0.6666666666666666,12,6,1,7,0.7291666666666666,76,0.6842105263157895,0.6750700280112045,0.625,0.5882352941176471,0.7619047619047619,32,10,14,20,0.6638655462184874,0.696078431372549,0.6880952380952381,0.6352941176470588,0.6428571428571429,0.7333333333333333,44,16,15,27,0.6460317460317461,108,0.7129629629629629,0.7092779909312871,0.6736842105263158,0.6808510638297872,0.7377049180327869,45,16,15,32,0.6585280781304499,core,gate_logreg,corr_extra,0.92,0.6,strict_external_locked
108,30,0.2777777777777778,72,0.6666666666666666,6,0.05555555555555555,102,0.9444444444444444,2,5,0,2,5,0,30,0.6666666666666666,0.6877828054298643,0.6875,0.8461538461538461,0.5294117647058824,9,8,2,11,0.6289592760180995,72,0.6527777777777778,0.63125,0.5283018867924528,0.4375,0.825,33,7,18,14,0.62734375,0.6568627450980392,0.6461988304093567,0.5882352941176471,0.5555555555555556,0.7368421052631579,42,15,20,25,0.6214424951267057,108,0.6759259259259259,0.6642832228810603,0.6067415730337079,0.574468085106383,0.7540983606557377,46,15,20,27,0.6236484129752354,core,base_conf_core,corr_logreg,0.92,0.6,strict_external_locked
108,82,0.7592592592592593,20,0.18518518518518517,6,0.05555555555555555,102,0.9444444444444444,2,5,0,2,5,0,82,0.7195121951219512,0.6730769230769231,0.5660377358490566,0.5,0.8461538461538461,44,8,15,15,0.6153846153846153,20,0.45,0.4166666666666667,0.56,0.5833333333333334,0.25,2,6,5,7,0.28125,0.6666666666666666,0.6452380952380953,0.5641025641025641,0.5238095238095238,0.7666666666666667,46,14,20,22,0.5793650793650794,108,0.6851851851851852,0.6724799441925358,0.6136363636363636,0.574468085106383,0.7704918032786885,47,14,20,27,0.5992326473665853,core,gate_logreg,corr_logreg,0.9,0.65,strict_external_locked
108,26,0.24074074074074073,76,0.7037037037037037,6,0.05555555555555555,102,0.9444444444444444,2,5,0,2,5,0,26,0.7307692307692307,0.7708333333333333,0.6666666666666666,0.875,0.6666666666666666,12,6,1,7,0.7291666666666666,76,0.6447368421052632,0.6253501400560224,0.5263157894736842,0.4411764705882353,0.8095238095238095,34,8,19,15,0.6827731092436975,0.6666666666666666,0.6452380952380953,0.5641025641025641,0.5238095238095238,0.7666666666666667,46,14,20,22,0.6361111111111111,108,0.6851851851851852,0.6724799441925358,0.6136363636363636,0.574468085106383,0.7704918032786885,47,14,20,27,0.6501569584931984,core,gate_logreg,corr_logreg,0.92,0.65,strict_external_locked
108,58,0.5370370370370371,41,0.37962962962962965,9,0.08333333333333333,99,0.9166666666666666,0,0,0,0,0,0,58,0.7241379310344828,0.7042424242424243,0.7777777777777778,0.8484848484848485,0.56,14,11,5,28,0.6303030303030304,41,0.6585365853658537,0.4787878787878788,0.125,0.09090909090909091,0.8666666666666667,26,4,10,1,0.23939393939393938,0.696969696969697,0.6931818181818181,0.6590909090909091,0.6590909090909091,0.7272727272727273,40,15,15,29,0.6330578512396694,108,0.7222222222222222,0.7174747122427625,0.6808510638297872,0.6808510638297872,0.7540983606557377,46,15,15,32,0.6424834321590512,multiview,base_conf_core,corr_extra,0.88,0.65,strict_external_locked
108,99,0.9166666666666666,0,0.0,9,0.08333333333333333,99,0.9166666666666666,0,0,0,0,0,0,99,0.696969696969697,0.6853813559322034,0.625,0.625,0.7457627118644068,44,15,15,25,0.6605932203389829,0,,,,,,0,0,0,0,,0.696969696969697,0.6853813559322034,0.625,0.625,0.7457627118644068,44,15,15,25,0.6605932203389829,108,0.7222222222222222,0.7174747122427625,0.6808510638297872,0.6808510638297872,0.7540983606557377,46,15,15,32,0.67317753749564,multiview,gate_logreg,corr_extra,0.88,0.6,strict_external_locked
108,99,0.9166666666666666,0,0.0,9,0.08333333333333333,99,0.9166666666666666,0,0,0,0,0,0,99,0.696969696969697,0.6853813559322034,0.625,0.625,0.7457627118644068,44,15,15,25,0.6605932203389829,0,,,,,,0,0,0,0,,0.696969696969697,0.6853813559322034,0.625,0.625,0.7457627118644068,44,15,15,25,0.6605932203389829,108,0.7222222222222222,0.7174747122427625,0.6808510638297872,0.6808510638297872,0.7540983606557377,46,15,15,32,0.67317753749564,multiview,gate_logreg,corr_extra,0.88,0.65,strict_external_locked
108,52,0.48148148148148145,47,0.4351851851851852,9,0.08333333333333333,99,0.9166666666666666,0,1,0,0,1,0,52,0.7115384615384616,0.6994047619047619,0.7619047619047619,0.8571428571428571,0.5416666666666666,13,11,4,24,0.6339285714285715,47,0.6595744680851063,0.5108225108225108,0.2,0.14285714285714285,0.8787878787878788,29,4,12,2,0.38095238095238093,0.6868686868686869,0.6779448621553885,0.6265060240963856,0.6190476190476191,0.7368421052631579,42,15,16,26,0.6052631578947368,108,0.7129629629629629,0.706836414370422,0.6666666666666666,0.6595744680851063,0.7540983606557377,46,15,16,31,0.6212068364143704,multiview,base_conf_core,corr_logreg,0.9,0.65,strict_external_locked
108,30,0.2777777777777778,69,0.6388888888888888,9,0.08333333333333333,99,0.9166666666666666,2,7,0,2,7,0,30,0.6666666666666666,0.6877828054298643,0.6875,0.8461538461538461,0.5294117647058824,9,8,2,11,0.6289592760180995,69,0.6376811594202898,0.5926724137931034,0.4186046511627907,0.3103448275862069,0.875,35,5,20,9,0.48103448275862065,0.6464646464646465,0.6240601503759398,0.5333333333333333,0.47619047619047616,0.7719298245614035,44,13,22,20,0.5338345864661653,108,0.6759259259259259,0.6594000697593303,0.5882352941176471,0.5319148936170213,0.7868852459016393,48,13,22,25,0.5587722357865365,multiview,base_conf_core,corr_logreg,0.92,0.6,strict_external_locked
108,30,0.2777777777777778,68,0.6296296296296297,10,0.09259259259259259,98,0.9074074074074074,0,0,0,0,0,0,30,0.6666666666666666,0.6877828054298643,0.6875,0.8461538461538461,0.5294117647058824,9,8,2,11,0.6289592760180995,68,0.7058823529411765,0.6666666666666667,0.5652173913043478,0.5,0.8333333333333334,35,7,13,13,0.5494505494505495,0.6938775510204082,0.6805736636245111,0.6153846153846154,0.6153846153846154,0.7457627118644068,44,15,15,24,0.6071273359408953,108,0.7222222222222222,0.7174747122427625,0.6808510638297872,0.6808510638297872,0.7540983606557377,46,15,15,32,0.6295779560516219,multiview,base_conf_core,corr_extra,0.92,0.6,strict_external_locked
108,75,0.6944444444444444,23,0.21296296296296297,10,0.09259259259259259,98,0.9074074074074074,0,0,0,0,0,0,75,0.6933333333333334,0.6544227886056971,0.5490196078431373,0.4827586206896552,0.8260869565217391,38,8,15,14,0.5884557721139431,23,0.6956521739130435,0.7307692307692308,0.7407407407407407,1.0,0.46153846153846156,6,7,0,10,0.7615384615384615,0.6938775510204082,0.6805736636245111,0.6153846153846154,0.6153846153846154,0.7457627118644068,44,15,15,24,0.6558018252933507,108,0.7222222222222222,0.7174747122427625,0.6808510638297872,0.6808510638297872,0.7540983606557377,46,15,15,32,0.66829438437391,multiview,gate_logreg,corr_extra,0.9,0.6,strict_external_locked
108,68,0.6296296296296297,30,0.2777777777777778,10,0.09259259259259259,98,0.9074074074074074,0,0,0,0,0,0,68,0.6617647058823529,0.6321428571428571,0.5306122448979592,0.4642857142857143,0.8,32,8,15,13,0.5723214285714286,30,0.7666666666666667,0.8157894736842105,0.7586206896551724,1.0,0.631578947368421,12,7,0,11,0.8421052631578947,0.6938775510204082,0.6805736636245111,0.6153846153846154,0.6153846153846154,0.7457627118644068,44,15,15,24,0.6753585397653196,108,0.7222222222222222,0.7174747122427625,0.6808510638297872,0.6808510638297872,0.7540983606557377,46,15,15,32,0.6846878269968608,multiview,gate_logreg,corr_extra,0.92,0.6,strict_external_locked
108,58,0.5370370370370371,40,0.37037037037037035,10,0.09259259259259259,98,0.9074074074074074,0,1,0,0,1,0,58,0.7241379310344828,0.7042424242424243,0.7777777777777778,0.8484848484848485,0.56,14,11,5,28,0.6303030303030304,40,0.6,0.4523809523809524,0.1111111111111111,0.08333333333333333,0.8214285714285714,23,5,11,1,0.5178571428571428,0.673469387755102,0.6712788259958071,0.6444444444444445,0.6444444444444445,0.6981132075471698,37,16,16,29,0.6410901467505241,108,0.7037037037037037,0.6986396930589467,0.6595744680851063,0.6595744680851063,0.7377049180327869,45,16,16,31,0.6449250087199162,core,base_conf_core,corr_logreg,0.88,0.65,strict_external_locked
108,75,0.6944444444444444,23,0.21296296296296297,10,0.09259259259259259,98,0.9074074074074074,3,7,0,3,7,0,75,0.6933333333333334,0.6544227886056971,0.5490196078431373,0.4827586206896552,0.8260869565217391,38,8,15,14,0.5884557721139431,23,0.5217391304347826,0.5265151515151515,0.47619047619047616,0.4166666666666667,0.6363636363636364,7,4,7,5,0.3484848484848485,0.6530612244897959,0.6264441591784339,0.5277777777777778,0.4634146341463415,0.7894736842105263,45,12,22,19,0.5361574668378263,108,0.6851851851851852,0.6675967910708057,0.5952380952380952,0.5319148936170213,0.8032786885245902,49,12,22,25,0.576909661667248,multiview,gate_logreg,corr_logreg,0.9,0.6,strict_external_locked
108,68,0.6296296296296297,30,0.2777777777777778,10,0.09259259259259259,98,0.9074074074074074,3,7,0,3,7,0,68,0.6617647058823529,0.6321428571428571,0.5306122448979592,0.4642857142857143,0.8,32,8,15,13,0.5723214285714286,30,0.6333333333333333,0.6131221719457014,0.5217391304347826,0.46153846153846156,0.7647058823529411,13,4,7,6,0.4615384615384615,0.6530612244897959,0.6264441591784339,0.5277777777777778,0.4634146341463415,0.7894736842105263,45,12,22,19,0.563115104835259,108,0.6851851851851852,0.6675967910708057,0.5952380952380952,0.5319148936170213,0.8032786885245902,49,12,22,25,0.5988838507150331,multiview,gate_logreg,corr_logreg,0.92,0.6,strict_external_locked
108,52,0.48148148148148145,45,0.4166666666666667,11,0.10185185185185185,97,0.8981481481481481,0,0,0,0,0,0,52,0.7115384615384616,0.6994047619047619,0.7619047619047619,0.8571428571428571,0.5416666666666666,13,11,4,24,0.6339285714285715,45,0.6666666666666666,0.5426267281105991,0.2857142857142857,0.21428571428571427,0.8709677419354839,27,4,11,3,0.3410138248847926,0.6907216494845361,0.6850649350649352,0.6428571428571429,0.6428571428571429,0.7272727272727273,40,15,15,27,0.6207792207792207,108,0.7222222222222222,0.7174747122427625,0.6808510638297872,0.6808510638297872,0.7540983606557377,46,15,15,32,0.6362050924311127,multiview,base_conf_core,corr_extra,0.9,0.65,strict_external_locked
108,30,0.2777777777777778,66,0.6111111111111112,12,0.1111111111111111,96,0.8888888888888888,0,0,0,0,0,0,30,0.6666666666666666,0.6877828054298643,0.6875,0.8461538461538461,0.5294117647058824,9,8,2,11,0.6289592760180995,66,0.7121212121212122,0.6668292682926829,0.5581395348837209,0.48,0.8536585365853658,35,6,13,12,0.5853658536585366,0.6979166666666666,0.6819419237749547,0.6133333333333333,0.6052631578947368,0.7586206896551724,44,14,15,23,0.632940108892922,108,0.7314814814814815,0.7256714335542378,0.6881720430107527,0.6808510638297872,0.7704918032786885,47,14,15,32,0.6525985350540634,core,base_conf_core,corr_extra,0.92,0.65,strict_external_locked
108,95,0.8796296296296297,1,0.009259259259259259,12,0.1111111111111111,96,0.8888888888888888,0,0,0,0,0,0,95,0.6947368421052632,0.6766076421248834,0.6027397260273972,0.5945945945945946,0.7586206896551724,44,14,15,22,0.6458527493010252,1,1.0,,1.0,1.0,,0,0,0,1,,0.6979166666666666,0.6819419237749547,0.6133333333333333,0.6052631578947368,0.7586206896551724,44,14,15,23,0.6510889292196008,108,0.7314814814814815,0.7256714335542378,0.6881720430107527,0.6808510638297872,0.7704918032786885,47,14,15,32,0.6724799441925358,core,gate_logreg,corr_extra,0.88,0.65,strict_external_locked
108,82,0.7592592592592593,14,0.12962962962962962,12,0.1111111111111111,96,0.8888888888888888,0,0,0,0,0,0,82,0.7195121951219512,0.6730769230769231,0.5660377358490566,0.5,0.8461538461538461,44,8,15,15,0.6153846153846153,14,0.5714285714285714,0.5,0.7272727272727273,1.0,0.0,0,6,0,8,0.5625,0.6979166666666666,0.6819419237749547,0.6133333333333333,0.6052631578947368,0.7586206896551724,44,14,15,23,0.6424682395644282,108,0.7314814814814815,0.7256714335542378,0.6881720430107527,0.6808510638297872,0.7704918032786885,47,14,15,32,0.6574816881757934,core,gate_logreg,corr_extra,0.9,0.65,strict_external_locked
108,26,0.24074074074074073,70,0.6481481481481481,12,0.1111111111111111,96,0.8888888888888888,0,0,0,0,0,0,26,0.7307692307692307,0.7708333333333333,0.6666666666666666,0.875,0.6666666666666666,12,6,1,7,0.7291666666666666,70,0.6857142857142857,0.6666666666666667,0.5925925925925926,0.5333333333333333,0.8,32,8,14,16,0.6516666666666667,0.6979166666666666,0.6819419237749547,0.6133333333333333,0.6052631578947368,0.7586206896551724,44,14,15,23,0.6352087114337568,108,0.7314814814814815,0.7256714335542378,0.6881720430107527,0.6808510638297872,0.7704918032786885,47,14,15,32,0.6546913149633762,core,gate_logreg,corr_extra,0.92,0.65,strict_external_locked
108,52,0.48148148148148145,44,0.4074074074074074,12,0.1111111111111111,96,0.8888888888888888,0,1,0,0,1,0,52,0.7115384615384616,0.6994047619047619,0.7619047619047619,0.8571428571428571,0.5416666666666666,13,11,4,24,0.6339285714285715,44,0.6136363636363636,0.5137931034482759,0.2608695652173913,0.2,0.8275862068965517,24,5,12,3,0.5586206896551724,0.6666666666666666,0.6630100921456779,0.627906976744186,0.627906976744186,0.6981132075471698,37,16,16,27,0.6340500219394472,108,0.7037037037037037,0.6986396930589467,0.6595744680851063,0.6595744680851063,0.7377049180327869,45,16,16,31,0.6421346355074992,core,base_conf_core,corr_logreg,0.9,0.65,strict_external_locked
108,30,0.2777777777777778,65,0.6018518518518519,13,0.12037037037037036,95,0.8796296296296297,2,5,0,2,5,0,30,0.6666666666666666,0.6877828054298643,0.6875,0.8461538461538461,0.5294117647058824,9,8,2,11,0.6289592760180995,65,0.6307692307692307,0.6063218390804598,0.4782608695652174,0.3793103448275862,0.8333333333333334,30,6,18,11,0.632183908045977,0.6421052631578947,0.6298292902066487,0.5641025641025641,0.5238095238095238,0.7358490566037735,39,14,20,22,0.6199460916442048,108,0.6851851851851852,0.6724799441925358,0.6136363636363636,0.574468085106383,0.7704918032786885,47,14,20,27,0.6250435995814441,core,base_conf_core,corr_logreg,0.92,0.65,strict_external_locked
108,30,0.2777777777777778,65,0.6018518518518519,13,0.12037037037037036,95,0.8796296296296297,2,6,0,2,6,0,30,0.6666666666666666,0.6877828054298643,0.6875,0.8461538461538461,0.5294117647058824,9,8,2,11,0.6289592760180995,65,0.6307692307692307,0.5823586744639376,0.4,0.2962962962962963,0.868421052631579,33,5,19,8,0.4619883040935672,0.6421052631578947,0.6193181818181819,0.5277777777777778,0.475,0.7636363636363637,42,13,21,19,0.5245454545454545,108,0.6851851851851852,0.6700383676316708,0.6046511627906976,0.5531914893617021,0.7868852459016393,48,13,21,26,0.5594698290896407,multiview,base_conf_core,corr_logreg,0.92,0.65,strict_external_locked
108,75,0.6944444444444444,18,0.16666666666666666,15,0.1388888888888889,93,0.8611111111111112,2,6,0,2,6,0,75,0.6933333333333334,0.6544227886056971,0.5490196078431373,0.4827586206896552,0.8260869565217391,38,8,15,14,0.5884557721139431,18,0.4444444444444444,0.45,0.4444444444444444,0.4,0.5,4,4,6,4,0.2875,0.6451612903225806,0.6196581196581197,0.5217391304347826,0.46153846153846156,0.7777777777777778,42,12,21,18,0.5265906932573599,108,0.6944444444444444,0.6782350889431461,0.611764705882353,0.5531914893617021,0.8032786885245902,49,12,21,26,0.5706313219393094,multiview,gate_logreg,corr_logreg,0.9,0.65,strict_external_locked
108,68,0.6296296296296297,25,0.23148148148148148,15,0.1388888888888889,93,0.8611111111111112,2,6,0,2,6,0,68,0.6617647058823529,0.6321428571428571,0.5306122448979592,0.4642857142857143,0.8,32,8,15,13,0.5723214285714286,25,0.6,0.5844155844155844,0.5,0.45454545454545453,0.7142857142857143,10,4,6,5,0.41558441558441556,0.6451612903225806,0.6196581196581197,0.5217391304347826,0.46153846153846156,0.7777777777777778,42,12,21,18,0.5546058879392213,108,0.6944444444444444,0.6782350889431461,0.611764705882353,0.5531914893617021,0.8032786885245902,49,12,21,26,0.5912103243808859,multiview,gate_logreg,corr_logreg,0.92,0.65,strict_external_locked
108,75,0.6944444444444444,17,0.1574074074074074,16,0.14814814814814814,92,0.8518518518518519,0,0,0,0,0,0,75,0.6933333333333334,0.6544227886056971,0.5490196078431373,0.4827586206896552,0.8260869565217391,38,8,15,14,0.5884557721139431,17,0.7647058823529411,0.7777777777777778,0.8,1.0,0.5555555555555556,5,4,0,8,0.763888888888889,0.7065217391304348,0.6882063882063882,0.6197183098591549,0.5945945945945946,0.7818181818181819,43,12,15,22,0.651105651105651,108,0.75,0.7420648761771886,0.7032967032967034,0.6808510638297872,0.8032786885245902,49,12,15,32,0.6613184513428672,multiview,gate_logreg,corr_extra,0.9,0.65,strict_external_locked
108,68,0.6296296296296297,22,0.2037037037037037,18,0.16666666666666666,90,0.8333333333333334,0,0,0,0,0,0,68,0.6617647058823529,0.6321428571428571,0.5306122448979592,0.4642857142857143,0.8,32,8,15,13,0.5723214285714286,22,0.8181818181818182,0.8461538461538461,0.8181818181818182,1.0,0.6923076923076923,9,4,0,9,0.8376068376068375,0.7,0.6840897501274861,0.6197183098591549,0.5945945945945946,0.7735849056603774,41,12,15,22,0.6659867414584396,108,0.75,0.7420648761771886,0.7032967032967034,0.6808510638297872,0.8032786885245902,49,12,15,32,0.670735960934775,multiview,gate_logreg,corr_extra,0.92,0.65,strict_external_locked
108,30,0.2777777777777778,60,0.5555555555555556,18,0.16666666666666666,90,0.8333333333333334,0,0,0,0,0,0,30,0.6666666666666666,0.6877828054298643,0.6875,0.8461538461538461,0.5294117647058824,9,8,2,11,0.6289592760180995,60,0.7,0.6597222222222222,0.55,0.4583333333333333,0.8611111111111112,31,5,13,11,0.537037037037037,0.6888888888888889,0.674655787863335,0.6111111111111112,0.5945945945945946,0.7547169811320755,40,13,15,22,0.6002039775624681,108,0.7407407407407407,0.7338681548657133,0.6956521739130435,0.6808510638297872,0.7868852459016393,48,13,15,32,0.6320195326124869,multiview,base_conf_core,corr_extra,0.92,0.65,strict_external_locked
