risk_policy,prediction_policy,target_coverage,pass_n,pass_rate,review_n,review_rate,pass_accuracy,pass_balanced_accuracy,pass_sensitivity,pass_specificity,pass_tn,pass_fp,pass_fn,pass_tp
main_uncertainty_only,main,0.2,22,0.2037037037037037,86,0.7962962962962963,0.7727272727272727,0.6875,0.375,1.0,14,0,5,3
main_uncertainty_only,safety_switch,0.2,22,0.2037037037037037,86,0.7962962962962963,0.7727272727272727,0.6875,0.375,1.0,14,0,5,3
main_uncertainty_only,main,0.25,27,0.25,81,0.75,0.7037037037037037,0.6205882352941177,0.3,0.9411764705882353,16,1,7,3
main_uncertainty_only,safety_switch,0.25,27,0.25,81,0.75,0.7407407407407407,0.6705882352941177,0.4,0.9411764705882353,16,1,6,4
main_uncertainty_only,main,0.3,32,0.2962962962962963,76,0.7037037037037037,0.65625,0.575,0.25,0.9,18,2,9,3
main_uncertainty_only,safety_switch,0.3,32,0.2962962962962963,76,0.7037037037037037,0.6875,0.6166666666666667,0.3333333333333333,0.9,18,2,8,4
main_uncertainty_only,main,0.35,38,0.35185185185185186,70,0.6481481481481481,0.6578947368421053,0.5654761904761905,0.21428571428571427,0.9166666666666666,22,2,11,3
main_uncertainty_only,safety_switch,0.35,38,0.35185185185185186,70,0.6481481481481481,0.6842105263157895,0.6011904761904762,0.2857142857142857,0.9166666666666666,22,2,10,4
main_uncertainty_only,main,0.39999999999999997,43,0.39814814814814814,65,0.6018518518518519,0.6511627906976745,0.556712962962963,0.1875,0.9259259259259259,25,2,13,3
main_uncertainty_only,safety_switch,0.39999999999999997,43,0.39814814814814814,65,0.6018518518518519,0.6744186046511628,0.587962962962963,0.25,0.9259259259259259,25,2,12,4
main_uncertainty_only,main,0.44999999999999996,49,0.4537037037037037,59,0.5462962962962963,0.6326530612244898,0.5456140350877193,0.15789473684210525,0.9333333333333333,28,2,16,3
main_uncertainty_only,safety_switch,0.44999999999999996,49,0.4537037037037037,59,0.5462962962962963,0.673469387755102,0.5982456140350877,0.2631578947368421,0.9333333333333333,28,2,14,5
main_uncertainty_only,main,0.49999999999999994,54,0.5,54,0.5,0.6296296296296297,0.5596590909090909,0.18181818181818182,0.9375,30,2,18,4
main_uncertainty_only,safety_switch,0.49999999999999994,54,0.5,54,0.5,0.6666666666666666,0.6122159090909091,0.3181818181818182,0.90625,29,3,15,7
main_uncertainty_only,main,0.5499999999999999,59,0.5462962962962963,49,0.4537037037037037,0.5932203389830508,0.5261904761904762,0.16666666666666666,0.8857142857142857,31,4,20,4
main_uncertainty_only,safety_switch,0.5499999999999999,59,0.5462962962962963,49,0.4537037037037037,0.6610169491525424,0.6160714285714286,0.375,0.8571428571428571,30,5,15,9
main_uncertainty_only,main,0.5999999999999999,65,0.6018518518518519,43,0.39814814814814814,0.6153846153846154,0.5223577235772358,0.16666666666666666,0.8780487804878049,36,5,20,4
main_uncertainty_only,safety_switch,0.5999999999999999,65,0.6018518518518519,43,0.39814814814814814,0.6615384615384615,0.6021341463414633,0.375,0.8292682926829268,34,7,15,9
main_uncertainty_only,main,0.6499999999999999,70,0.6481481481481481,38,0.35185185185185186,0.5857142857142857,0.5,0.2,0.8,36,9,20,5
main_uncertainty_only,safety_switch,0.6499999999999999,70,0.6481481481481481,38,0.35185185185185186,0.6285714285714286,0.5777777777777777,0.4,0.7555555555555555,34,11,15,10
main_uncertainty_only,main,0.7,76,0.7037037037037037,32,0.2962962962962963,0.618421052631579,0.5688405797101449,0.3333333333333333,0.8043478260869565,37,9,20,10
main_uncertainty_only,safety_switch,0.7,76,0.7037037037037037,32,0.2962962962962963,0.6578947368421053,0.6304347826086957,0.5,0.7608695652173914,35,11,15,15
main_uncertainty_only,main,0.7499999999999998,81,0.75,27,0.25,0.6172839506172839,0.5823863636363636,0.3939393939393939,0.7708333333333334,37,11,20,13
main_uncertainty_only,safety_switch,0.7499999999999998,81,0.75,27,0.25,0.654320987654321,0.637310606060606,0.5454545454545454,0.7291666666666666,35,13,15,18
main_uncertainty_only,main,0.7999999999999998,86,0.7962962962962963,22,0.2037037037037037,0.6162790697674418,0.5844444444444444,0.3888888888888889,0.78,39,11,22,14
main_uncertainty_only,safety_switch,0.7999999999999998,86,0.7962962962962963,22,0.2037037037037037,0.6627906976744186,0.6516666666666666,0.5833333333333334,0.72,36,14,15,21
main_uncertainty_only,main,0.8499999999999999,92,0.8518518518518519,16,0.14814814814814814,0.6086956521739131,0.5846153846153846,0.4,0.7692307692307693,40,12,24,16
main_uncertainty_only,safety_switch,0.8499999999999999,92,0.8518518518518519,16,0.14814814814814814,0.6739130434782609,0.6682692307692308,0.625,0.7115384615384616,37,15,15,25
main_uncertainty_only,main,0.8999999999999999,97,0.8981481481481481,11,0.10185185185185185,0.6185567010309279,0.5932900432900433,0.40476190476190477,0.7818181818181819,43,12,25,17
main_uncertainty_only,safety_switch,0.8999999999999999,97,0.8981481481481481,11,0.10185185185185185,0.6907216494845361,0.6850649350649352,0.6428571428571429,0.7272727272727273,40,15,15,27
main_uncertainty_only,main,0.9499999999999997,103,0.9537037037037037,5,0.046296296296296294,0.6310679611650486,0.6101532567049808,0.4444444444444444,0.7758620689655172,45,13,25,20
main_uncertainty_only,safety_switch,0.9499999999999997,103,0.9537037037037037,5,0.046296296296296294,0.6990291262135923,0.6954022988505747,0.6666666666666666,0.7241379310344828,42,16,15,30
main_uncertainty_only,main,0.9999999999999998,108,1.0,0,0.0,0.6481481481481481,0.627485176142309,0.46808510638297873,0.7868852459016393,48,13,25,22
main_uncertainty_only,safety_switch,0.9999999999999998,108,1.0,0,0.0,0.7037037037037037,0.7010812696198117,0.6808510638297872,0.7213114754098361,44,17,15,32
main_uncertainty_only+safety_binary,main,0.2,22,0.2037037037037037,86,0.7962962962962963,0.7727272727272727,0.6875,0.375,1.0,14,0,5,3
main_uncertainty_only+safety_binary,safety_switch,0.2,22,0.2037037037037037,86,0.7962962962962963,0.7727272727272727,0.6875,0.375,1.0,14,0,5,3
main_uncertainty_only+safety_binary,main,0.25,27,0.25,81,0.75,0.7037037037037037,0.611111111111111,0.3333333333333333,0.8888888888888888,16,2,6,3
main_uncertainty_only+safety_binary,safety_switch,0.25,27,0.25,81,0.75,0.7037037037037037,0.611111111111111,0.3333333333333333,0.8888888888888888,16,2,6,3
main_uncertainty_only+safety_binary,main,0.3,32,0.2962962962962963,76,0.7037037037037037,0.6875,0.5887445887445888,0.2727272727272727,0.9047619047619048,19,2,8,3
main_uncertainty_only+safety_binary,safety_switch,0.3,32,0.2962962962962963,76,0.7037037037037037,0.6875,0.5887445887445888,0.2727272727272727,0.9047619047619048,19,2,8,3
main_uncertainty_only+safety_binary,main,0.35,38,0.35185185185185186,70,0.6481481481481481,0.6578947368421053,0.5654761904761905,0.21428571428571427,0.9166666666666666,22,2,11,3
main_uncertainty_only+safety_binary,safety_switch,0.35,38,0.35185185185185186,70,0.6481481481481481,0.6578947368421053,0.5654761904761905,0.21428571428571427,0.9166666666666666,22,2,11,3
main_uncertainty_only+safety_binary,main,0.39999999999999997,43,0.39814814814814814,65,0.6018518518518519,0.6744186046511628,0.5642857142857143,0.2,0.9285714285714286,26,2,12,3
main_uncertainty_only+safety_binary,safety_switch,0.39999999999999997,43,0.39814814814814814,65,0.6018518518518519,0.6744186046511628,0.5642857142857143,0.2,0.9285714285714286,26,2,12,3
main_uncertainty_only+safety_binary,main,0.44999999999999996,49,0.4537037037037037,59,0.5462962962962963,0.6530612244897959,0.5719298245614035,0.21052631578947367,0.9333333333333333,28,2,15,4
main_uncertainty_only+safety_binary,safety_switch,0.44999999999999996,49,0.4537037037037037,59,0.5462962962962963,0.6530612244897959,0.5719298245614035,0.21052631578947367,0.9333333333333333,28,2,15,4
main_uncertainty_only+safety_binary,main,0.49999999999999994,54,0.5,54,0.5,0.6481481481481481,0.5481203007518797,0.21052631578947367,0.8857142857142857,31,4,15,4
main_uncertainty_only+safety_binary,safety_switch,0.49999999999999994,54,0.5,54,0.5,0.6481481481481481,0.5481203007518797,0.21052631578947367,0.8857142857142857,31,4,15,4
main_uncertainty_only+safety_binary,main,0.5499999999999999,59,0.5462962962962963,49,0.4537037037037037,0.6440677966101694,0.5302631578947368,0.21052631578947367,0.85,34,6,15,4
main_uncertainty_only+safety_binary,safety_switch,0.5499999999999999,59,0.5462962962962963,49,0.4537037037037037,0.6440677966101694,0.5302631578947368,0.21052631578947367,0.85,34,6,15,4
main_uncertainty_only+safety_binary,main,0.5999999999999999,65,0.6018518518518519,43,0.39814814814814814,0.6307692307692307,0.5405844155844155,0.2857142857142857,0.7954545454545454,35,9,15,6
main_uncertainty_only+safety_binary,safety_switch,0.5999999999999999,65,0.6018518518518519,43,0.39814814814814814,0.6307692307692307,0.5405844155844155,0.2857142857142857,0.7954545454545454,35,9,15,6
main_uncertainty_only+safety_binary,main,0.6499999999999999,70,0.6481481481481481,38,0.35185185185185186,0.6571428571428571,0.6092657342657343,0.4230769230769231,0.7954545454545454,35,9,15,11
main_uncertainty_only+safety_binary,safety_switch,0.6499999999999999,70,0.6481481481481481,38,0.35185185185185186,0.6571428571428571,0.6092657342657343,0.4230769230769231,0.7954545454545454,35,9,15,11
main_uncertainty_only+safety_binary,main,0.7,76,0.7037037037037037,32,0.2962962962962963,0.6578947368421053,0.6243580337490829,0.4827586206896552,0.7659574468085106,36,11,15,14
main_uncertainty_only+safety_binary,safety_switch,0.7,76,0.7037037037037037,32,0.2962962962962963,0.6578947368421053,0.6243580337490829,0.4827586206896552,0.7659574468085106,36,11,15,14
main_uncertainty_only+safety_binary,main,0.7499999999999998,81,0.75,27,0.25,0.6666666666666666,0.6380645161290323,0.5161290322580645,0.76,38,12,15,16
main_uncertainty_only+safety_binary,safety_switch,0.7499999999999998,81,0.75,27,0.25,0.6666666666666666,0.6380645161290323,0.5161290322580645,0.76,38,12,15,16
main_uncertainty_only+safety_binary,main,0.7999999999999998,86,0.7962962962962963,22,0.2037037037037037,0.686046511627907,0.6595197255574614,0.5454545454545454,0.7735849056603774,41,12,15,18
main_uncertainty_only+safety_binary,safety_switch,0.7999999999999998,86,0.7962962962962963,22,0.2037037037037037,0.686046511627907,0.6595197255574614,0.5454545454545454,0.7735849056603774,41,12,15,18
main_uncertainty_only+safety_binary,main,0.8499999999999999,92,0.8518518518518519,16,0.14814814814814814,0.6956521739130435,0.6755952380952381,0.5833333333333334,0.7678571428571429,43,13,15,21
main_uncertainty_only+safety_binary,safety_switch,0.8499999999999999,92,0.8518518518518519,16,0.14814814814814814,0.6956521739130435,0.6755952380952381,0.5833333333333334,0.7678571428571429,43,13,15,21
main_uncertainty_only+safety_binary,main,0.8999999999999999,97,0.8981481481481481,11,0.10185185185185185,0.6804123711340206,0.6609649122807018,0.55,0.7719298245614035,44,13,18,22
main_uncertainty_only+safety_binary,safety_switch,0.8999999999999999,97,0.8981481481481481,11,0.10185185185185185,0.711340206185567,0.6984649122807017,0.625,0.7719298245614035,44,13,15,25
main_uncertainty_only+safety_binary,main,0.9499999999999997,103,0.9537037037037037,5,0.046296296296296294,0.6407766990291263,0.6250953470633105,0.4782608695652174,0.7719298245614035,44,13,24,22
main_uncertainty_only+safety_binary,safety_switch,0.9499999999999997,103,0.9537037037037037,5,0.046296296296296294,0.7281553398058253,0.7229214340198322,0.6739130434782609,0.7719298245614035,44,13,15,31
main_uncertainty_only+safety_binary,main,0.9999999999999998,108,1.0,0,0.0,0.6481481481481481,0.627485176142309,0.46808510638297873,0.7868852459016393,48,13,25,22
main_uncertainty_only+safety_binary,safety_switch,0.9999999999999998,108,1.0,0,0.0,0.7037037037037037,0.7010812696198117,0.6808510638297872,0.7213114754098361,44,17,15,32
main_uncertainty_only+safety_soft,main,0.2,22,0.2037037037037037,86,0.7962962962962963,0.7727272727272727,0.6875,0.375,1.0,14,0,5,3
main_uncertainty_only+safety_soft,safety_switch,0.2,22,0.2037037037037037,86,0.7962962962962963,0.7727272727272727,0.6875,0.375,1.0,14,0,5,3
main_uncertainty_only+safety_soft,main,0.25,27,0.25,81,0.75,0.7037037037037037,0.611111111111111,0.3333333333333333,0.8888888888888888,16,2,6,3
main_uncertainty_only+safety_soft,safety_switch,0.25,27,0.25,81,0.75,0.7037037037037037,0.611111111111111,0.3333333333333333,0.8888888888888888,16,2,6,3
main_uncertainty_only+safety_soft,main,0.3,32,0.2962962962962963,76,0.7037037037037037,0.6875,0.5887445887445888,0.2727272727272727,0.9047619047619048,19,2,8,3
main_uncertainty_only+safety_soft,safety_switch,0.3,32,0.2962962962962963,76,0.7037037037037037,0.6875,0.5887445887445888,0.2727272727272727,0.9047619047619048,19,2,8,3
main_uncertainty_only+safety_soft,main,0.35,38,0.35185185185185186,70,0.6481481481481481,0.6578947368421053,0.5654761904761905,0.21428571428571427,0.9166666666666666,22,2,11,3
main_uncertainty_only+safety_soft,safety_switch,0.35,38,0.35185185185185186,70,0.6481481481481481,0.6578947368421053,0.5654761904761905,0.21428571428571427,0.9166666666666666,22,2,11,3
main_uncertainty_only+safety_soft,main,0.39999999999999997,43,0.39814814814814814,65,0.6018518518518519,0.6744186046511628,0.5642857142857143,0.2,0.9285714285714286,26,2,12,3
main_uncertainty_only+safety_soft,safety_switch,0.39999999999999997,43,0.39814814814814814,65,0.6018518518518519,0.6744186046511628,0.5642857142857143,0.2,0.9285714285714286,26,2,12,3
main_uncertainty_only+safety_soft,main,0.44999999999999996,49,0.4537037037037037,59,0.5462962962962963,0.6530612244897959,0.5719298245614035,0.21052631578947367,0.9333333333333333,28,2,15,4
main_uncertainty_only+safety_soft,safety_switch,0.44999999999999996,49,0.4537037037037037,59,0.5462962962962963,0.6530612244897959,0.5719298245614035,0.21052631578947367,0.9333333333333333,28,2,15,4
main_uncertainty_only+safety_soft,main,0.49999999999999994,54,0.5,54,0.5,0.6296296296296297,0.5411764705882353,0.2,0.8823529411764706,30,4,16,4
main_uncertainty_only+safety_soft,safety_switch,0.49999999999999994,54,0.5,54,0.5,0.6481481481481481,0.5661764705882353,0.25,0.8823529411764706,30,4,15,5
main_uncertainty_only+safety_soft,main,0.5499999999999999,59,0.5462962962962963,49,0.4537037037037037,0.5932203389830508,0.5261904761904762,0.16666666666666666,0.8857142857142857,31,4,20,4
main_uncertainty_only+safety_soft,safety_switch,0.5499999999999999,59,0.5462962962962963,49,0.4537037037037037,0.6610169491525424,0.6160714285714286,0.375,0.8571428571428571,30,5,15,9
main_uncertainty_only+safety_soft,main,0.5999999999999999,65,0.6018518518518519,43,0.39814814814814814,0.6153846153846154,0.5223577235772358,0.16666666666666666,0.8780487804878049,36,5,20,4
main_uncertainty_only+safety_soft,safety_switch,0.5999999999999999,65,0.6018518518518519,43,0.39814814814814814,0.6615384615384615,0.6021341463414633,0.375,0.8292682926829268,34,7,15,9
main_uncertainty_only+safety_soft,main,0.6499999999999999,70,0.6481481481481481,38,0.35185185185185186,0.5857142857142857,0.5,0.2,0.8,36,9,20,5
main_uncertainty_only+safety_soft,safety_switch,0.6499999999999999,70,0.6481481481481481,38,0.35185185185185186,0.6285714285714286,0.5777777777777777,0.4,0.7555555555555555,34,11,15,10
main_uncertainty_only+safety_soft,main,0.7,76,0.7037037037037037,32,0.2962962962962963,0.618421052631579,0.5688405797101449,0.3333333333333333,0.8043478260869565,37,9,20,10
main_uncertainty_only+safety_soft,safety_switch,0.7,76,0.7037037037037037,32,0.2962962962962963,0.6578947368421053,0.6304347826086957,0.5,0.7608695652173914,35,11,15,15
main_uncertainty_only+safety_soft,main,0.7499999999999998,81,0.75,27,0.25,0.6172839506172839,0.5823863636363636,0.3939393939393939,0.7708333333333334,37,11,20,13
main_uncertainty_only+safety_soft,safety_switch,0.7499999999999998,81,0.75,27,0.25,0.654320987654321,0.637310606060606,0.5454545454545454,0.7291666666666666,35,13,15,18
main_uncertainty_only+safety_soft,main,0.7999999999999998,86,0.7962962962962963,22,0.2037037037037037,0.6162790697674418,0.5844444444444444,0.3888888888888889,0.78,39,11,22,14
main_uncertainty_only+safety_soft,safety_switch,0.7999999999999998,86,0.7962962962962963,22,0.2037037037037037,0.6627906976744186,0.6516666666666666,0.5833333333333334,0.72,36,14,15,21
main_uncertainty_only+safety_soft,main,0.8499999999999999,92,0.8518518518518519,16,0.14814814814814814,0.6086956521739131,0.5846153846153846,0.4,0.7692307692307693,40,12,24,16
main_uncertainty_only+safety_soft,safety_switch,0.8499999999999999,92,0.8518518518518519,16,0.14814814814814814,0.6739130434782609,0.6682692307692308,0.625,0.7115384615384616,37,15,15,25
main_uncertainty_only+safety_soft,main,0.8999999999999999,97,0.8981481481481481,11,0.10185185185185185,0.6185567010309279,0.5932900432900433,0.40476190476190477,0.7818181818181819,43,12,25,17
main_uncertainty_only+safety_soft,safety_switch,0.8999999999999999,97,0.8981481481481481,11,0.10185185185185185,0.6907216494845361,0.6850649350649352,0.6428571428571429,0.7272727272727273,40,15,15,27
main_uncertainty_only+safety_soft,main,0.9499999999999997,103,0.9537037037037037,5,0.046296296296296294,0.6310679611650486,0.6101532567049808,0.4444444444444444,0.7758620689655172,45,13,25,20
main_uncertainty_only+safety_soft,safety_switch,0.9499999999999997,103,0.9537037037037037,5,0.046296296296296294,0.6990291262135923,0.6954022988505747,0.6666666666666666,0.7241379310344828,42,16,15,30
main_uncertainty_only+safety_soft,main,0.9999999999999998,108,1.0,0,0.0,0.6481481481481481,0.627485176142309,0.46808510638297873,0.7868852459016393,48,13,25,22
main_uncertainty_only+safety_soft,safety_switch,0.9999999999999998,108,1.0,0,0.0,0.7037037037037037,0.7010812696198117,0.6808510638297872,0.7213114754098361,44,17,15,32
heuristic_quality_score,main,0.2,22,0.2037037037037037,86,0.7962962962962963,0.5909090909090909,0.5666666666666667,0.3,0.8333333333333334,10,2,7,3
heuristic_quality_score,safety_switch,0.2,22,0.2037037037037037,86,0.7962962962962963,0.5909090909090909,0.5833333333333333,0.5,0.6666666666666666,8,4,5,5
heuristic_quality_score,main,0.25,27,0.25,81,0.75,0.5555555555555556,0.5833333333333334,0.3333333333333333,0.8333333333333334,10,2,10,5
heuristic_quality_score,safety_switch,0.25,27,0.25,81,0.75,0.5925925925925926,0.6,0.5333333333333333,0.6666666666666666,8,4,7,8
heuristic_quality_score,main,0.3,32,0.2962962962962963,76,0.7037037037037037,0.53125,0.53125,0.3125,0.75,12,4,11,5
heuristic_quality_score,safety_switch,0.3,32,0.2962962962962963,76,0.7037037037037037,0.59375,0.59375,0.5625,0.625,10,6,7,9
heuristic_quality_score,main,0.35,38,0.35185185185185186,70,0.6481481481481481,0.6052631578947368,0.5653409090909092,0.3125,0.8181818181818182,18,4,11,5
heuristic_quality_score,safety_switch,0.35,38,0.35185185185185186,70,0.6481481481481481,0.631578947368421,0.6221590909090908,0.5625,0.6818181818181818,15,7,7,9
heuristic_quality_score,main,0.39999999999999997,43,0.39814814814814814,65,0.6018518518518519,0.627906976744186,0.5636574074074074,0.3125,0.8148148148148148,22,5,11,5
heuristic_quality_score,safety_switch,0.39999999999999997,43,0.39814814814814814,65,0.6018518518518519,0.6511627906976745,0.6331018518518519,0.5625,0.7037037037037037,19,8,7,9
heuristic_quality_score,main,0.44999999999999996,49,0.4537037037037037,59,0.5462962962962963,0.6326530612244898,0.5698924731182795,0.3333333333333333,0.8064516129032258,25,6,12,6
heuristic_quality_score,safety_switch,0.44999999999999996,49,0.4537037037037037,59,0.5462962962962963,0.6530612244897959,0.6442652329749103,0.6111111111111112,0.6774193548387096,21,10,7,11
heuristic_quality_score,main,0.49999999999999994,54,0.5,54,0.5,0.6111111111111112,0.5470588235294117,0.3,0.7941176470588235,27,7,14,6
heuristic_quality_score,safety_switch,0.49999999999999994,54,0.5,54,0.5,0.6296296296296297,0.6132352941176471,0.55,0.6764705882352942,23,11,9,11
heuristic_quality_score,main,0.5499999999999999,59,0.5462962962962963,49,0.4537037037037037,0.576271186440678,0.5370588235294118,0.28,0.7941176470588235,27,7,18,7
heuristic_quality_score,safety_switch,0.5499999999999999,59,0.5462962962962963,49,0.4537037037037037,0.6101694915254238,0.5982352941176471,0.52,0.6764705882352942,23,11,12,13
heuristic_quality_score,main,0.5999999999999999,65,0.6018518518518519,43,0.39814814814814814,0.6,0.5661196911196912,0.32142857142857145,0.8108108108108109,30,7,19,9
heuristic_quality_score,safety_switch,0.5999999999999999,65,0.6018518518518519,43,0.39814814814814814,0.6461538461538462,0.6370656370656371,0.5714285714285714,0.7027027027027027,26,11,12,16
heuristic_quality_score,main,0.6499999999999999,70,0.6481481481481481,38,0.35185185185185186,0.6,0.5535714285714286,0.32142857142857145,0.7857142857142857,33,9,19,9
heuristic_quality_score,safety_switch,0.6499999999999999,70,0.6481481481481481,38,0.35185185185185186,0.6428571428571429,0.6309523809523809,0.5714285714285714,0.6904761904761905,29,13,12,16
heuristic_quality_score,main,0.7,76,0.7037037037037037,32,0.2962962962962963,0.631578947368421,0.5766691122523844,0.3448275862068966,0.8085106382978723,38,9,19,10
heuristic_quality_score,safety_switch,0.7,76,0.7037037037037037,32,0.2962962962962963,0.6710526315789473,0.6548055759354365,0.5862068965517241,0.723404255319149,34,13,12,17
heuristic_quality_score,main,0.7499999999999998,81,0.75,27,0.25,0.6172839506172839,0.5674193548387096,0.3548387096774194,0.78,39,11,20,11
heuristic_quality_score,safety_switch,0.7499999999999998,81,0.75,27,0.25,0.654320987654321,0.6403225806451613,0.5806451612903226,0.7,35,15,13,18
heuristic_quality_score,main,0.7999999999999998,86,0.7962962962962963,22,0.2037037037037037,0.627906976744186,0.5780445969125214,0.36363636363636365,0.7924528301886793,42,11,21,12
heuristic_quality_score,safety_switch,0.7999999999999998,86,0.7962962962962963,22,0.2037037037037037,0.6744186046511628,0.6615208690680389,0.6060606060606061,0.7169811320754716,38,15,13,20
heuristic_quality_score,main,0.8499999999999999,92,0.8518518518518519,16,0.14814814814814814,0.6521739130434783,0.6162162162162163,0.43243243243243246,0.8,44,11,21,16
heuristic_quality_score,safety_switch,0.8499999999999999,92,0.8518518518518519,16,0.14814814814814814,0.6956521739130435,0.687960687960688,0.6486486486486487,0.7272727272727273,40,15,13,24
heuristic_quality_score,main,0.8999999999999999,97,0.8981481481481481,11,0.10185185185185185,0.6597938144329897,0.633493031358885,0.4634146341463415,0.8035714285714286,45,11,22,19
heuristic_quality_score,safety_switch,0.8999999999999999,97,0.8981481481481481,11,0.10185185185185185,0.711340206185567,0.7075348432055749,0.6829268292682927,0.7321428571428571,41,15,13,28
heuristic_quality_score,main,0.9499999999999997,103,0.9537037037037037,5,0.046296296296296294,0.6601941747572816,0.6385057471264368,0.4666666666666667,0.8103448275862069,47,11,24,21
heuristic_quality_score,safety_switch,0.9499999999999997,103,0.9537037037037037,5,0.046296296296296294,0.7184466019417476,0.7151340996168583,0.6888888888888889,0.7413793103448276,43,15,14,31
heuristic_quality_score,main,0.9999999999999998,108,1.0,0,0.0,0.6481481481481481,0.627485176142309,0.46808510638297873,0.7868852459016393,48,13,25,22
heuristic_quality_score,safety_switch,0.9999999999999998,108,1.0,0,0.0,0.7037037037037037,0.7010812696198117,0.6808510638297872,0.7213114754098361,44,17,15,32
heuristic_quality_score+safety_binary,main,0.2,22,0.2037037037037037,86,0.7962962962962963,0.6363636363636364,0.5809523809523809,0.42857142857142855,0.7333333333333333,11,4,4,3
heuristic_quality_score+safety_binary,safety_switch,0.2,22,0.2037037037037037,86,0.7962962962962963,0.6363636363636364,0.5809523809523809,0.42857142857142855,0.7333333333333333,11,4,4,3
heuristic_quality_score+safety_binary,main,0.25,27,0.25,81,0.75,0.6666666666666666,0.6323529411764706,0.5,0.7647058823529411,13,4,5,5
heuristic_quality_score+safety_binary,safety_switch,0.25,27,0.25,81,0.75,0.6666666666666666,0.6323529411764706,0.5,0.7647058823529411,13,4,5,5
heuristic_quality_score+safety_binary,main,0.3,32,0.2962962962962963,76,0.7037037037037037,0.65625,0.6083333333333334,0.4166666666666667,0.8,16,4,7,5
heuristic_quality_score+safety_binary,safety_switch,0.3,32,0.2962962962962963,76,0.7037037037037037,0.65625,0.6083333333333334,0.4166666666666667,0.8,16,4,7,5
heuristic_quality_score+safety_binary,main,0.35,38,0.35185185185185186,70,0.6481481481481481,0.6578947368421053,0.592948717948718,0.4166666666666667,0.7692307692307693,20,6,7,5
heuristic_quality_score+safety_binary,safety_switch,0.35,38,0.35185185185185186,70,0.6481481481481481,0.6578947368421053,0.592948717948718,0.4166666666666667,0.7692307692307693,20,6,7,5
heuristic_quality_score+safety_binary,main,0.39999999999999997,43,0.39814814814814814,65,0.6018518518518519,0.6744186046511628,0.6293103448275862,0.5,0.7586206896551724,22,7,7,7
heuristic_quality_score+safety_binary,safety_switch,0.39999999999999997,43,0.39814814814814814,65,0.6018518518518519,0.6744186046511628,0.6293103448275862,0.5,0.7586206896551724,22,7,7,7
heuristic_quality_score+safety_binary,main,0.44999999999999996,49,0.4537037037037037,59,0.5462962962962963,0.673469387755102,0.615686274509804,0.4666666666666667,0.7647058823529411,26,8,8,7
heuristic_quality_score+safety_binary,safety_switch,0.44999999999999996,49,0.4537037037037037,59,0.5462962962962963,0.673469387755102,0.615686274509804,0.4666666666666667,0.7647058823529411,26,8,8,7
heuristic_quality_score+safety_binary,main,0.49999999999999994,54,0.5,54,0.5,0.6481481481481481,0.5842607313195549,0.4117647058823529,0.7567567567567568,28,9,10,7
heuristic_quality_score+safety_binary,safety_switch,0.49999999999999994,54,0.5,54,0.5,0.6481481481481481,0.5842607313195549,0.4117647058823529,0.7567567567567568,28,9,10,7
heuristic_quality_score+safety_binary,main,0.5499999999999999,59,0.5462962962962963,49,0.4537037037037037,0.6440677966101694,0.5846153846153846,0.4,0.7692307692307693,30,9,12,8
heuristic_quality_score+safety_binary,safety_switch,0.5499999999999999,59,0.5462962962962963,49,0.4537037037037037,0.6440677966101694,0.5846153846153846,0.4,0.7692307692307693,30,9,12,8
heuristic_quality_score+safety_binary,main,0.5999999999999999,65,0.6018518518518519,43,0.39814814814814814,0.6615384615384615,0.610248447204969,0.43478260869565216,0.7857142857142857,33,9,13,10
heuristic_quality_score+safety_binary,safety_switch,0.5999999999999999,65,0.6018518518518519,43,0.39814814814814814,0.6615384615384615,0.610248447204969,0.43478260869565216,0.7857142857142857,33,9,13,10
heuristic_quality_score+safety_binary,main,0.6499999999999999,70,0.6481481481481481,38,0.35185185185185186,0.6571428571428571,0.6096014492753623,0.4583333333333333,0.7608695652173914,35,11,13,11
heuristic_quality_score+safety_binary,safety_switch,0.6499999999999999,70,0.6481481481481481,38,0.35185185185185186,0.6571428571428571,0.6096014492753623,0.4583333333333333,0.7608695652173914,35,11,13,11
heuristic_quality_score+safety_binary,main,0.7,76,0.7037037037037037,32,0.2962962962962963,0.6842105263157895,0.6470143613000756,0.5185185185185185,0.7755102040816326,38,11,13,14
heuristic_quality_score+safety_binary,safety_switch,0.7,76,0.7037037037037037,32,0.2962962962962963,0.6842105263157895,0.6470143613000756,0.5185185185185185,0.7755102040816326,38,11,13,14
heuristic_quality_score+safety_binary,main,0.7499999999999998,81,0.75,27,0.25,0.7037037037037037,0.6700928381962865,0.5517241379310345,0.7884615384615384,41,11,13,16
heuristic_quality_score+safety_binary,safety_switch,0.7499999999999998,81,0.75,27,0.25,0.7037037037037037,0.6700928381962865,0.5517241379310345,0.7884615384615384,41,11,13,16
heuristic_quality_score+safety_binary,main,0.7999999999999998,86,0.7962962962962963,22,0.2037037037037037,0.7093023255813954,0.6883484162895928,0.5882352941176471,0.7884615384615384,41,11,14,20
heuristic_quality_score+safety_binary,safety_switch,0.7999999999999998,86,0.7962962962962963,22,0.2037037037037037,0.7093023255813954,0.6883484162895928,0.5882352941176471,0.7884615384615384,41,11,14,20
heuristic_quality_score+safety_binary,main,0.8499999999999999,92,0.8518518518518519,16,0.14814814814814814,0.6956521739130435,0.6755952380952381,0.5833333333333334,0.7678571428571429,43,13,15,21
heuristic_quality_score+safety_binary,safety_switch,0.8499999999999999,92,0.8518518518518519,16,0.14814814814814814,0.6956521739130435,0.6755952380952381,0.5833333333333334,0.7678571428571429,43,13,15,21
heuristic_quality_score+safety_binary,main,0.8999999999999999,97,0.8981481481481481,11,0.10185185185185185,0.6907216494845361,0.6699823165340406,0.5641025641025641,0.7758620689655172,45,13,17,22
heuristic_quality_score+safety_binary,safety_switch,0.8999999999999999,97,0.8981481481481481,11,0.10185185185185185,0.7010309278350515,0.6870026525198939,0.6153846153846154,0.7586206896551724,44,14,15,24
heuristic_quality_score+safety_binary,main,0.9499999999999997,103,0.9537037037037037,5,0.046296296296296294,0.6699029126213593,0.6474806201550387,0.5116279069767442,0.7833333333333333,47,13,21,22
heuristic_quality_score+safety_binary,safety_switch,0.9499999999999997,103,0.9537037037037037,5,0.046296296296296294,0.6990291262135923,0.6922480620155038,0.6511627906976745,0.7333333333333333,44,16,15,28
heuristic_quality_score+safety_binary,main,0.9999999999999998,108,1.0,0,0.0,0.6481481481481481,0.627485176142309,0.46808510638297873,0.7868852459016393,48,13,25,22
heuristic_quality_score+safety_binary,safety_switch,0.9999999999999998,108,1.0,0,0.0,0.7037037037037037,0.7010812696198117,0.6808510638297872,0.7213114754098361,44,17,15,32
heuristic_quality_score+safety_soft,main,0.2,22,0.2037037037037037,86,0.7962962962962963,0.6363636363636364,0.5809523809523809,0.42857142857142855,0.7333333333333333,11,4,4,3
heuristic_quality_score+safety_soft,safety_switch,0.2,22,0.2037037037037037,86,0.7962962962962963,0.6363636363636364,0.5809523809523809,0.42857142857142855,0.7333333333333333,11,4,4,3
heuristic_quality_score+safety_soft,main,0.25,27,0.25,81,0.75,0.6666666666666666,0.6323529411764706,0.5,0.7647058823529411,13,4,5,5
heuristic_quality_score+safety_soft,safety_switch,0.25,27,0.25,81,0.75,0.6666666666666666,0.6323529411764706,0.5,0.7647058823529411,13,4,5,5
heuristic_quality_score+safety_soft,main,0.3,32,0.2962962962962963,76,0.7037037037037037,0.65625,0.6083333333333334,0.4166666666666667,0.8,16,4,7,5
heuristic_quality_score+safety_soft,safety_switch,0.3,32,0.2962962962962963,76,0.7037037037037037,0.65625,0.6083333333333334,0.4166666666666667,0.8,16,4,7,5
heuristic_quality_score+safety_soft,main,0.35,38,0.35185185185185186,70,0.6481481481481481,0.6578947368421053,0.592948717948718,0.4166666666666667,0.7692307692307693,20,6,7,5
heuristic_quality_score+safety_soft,safety_switch,0.35,38,0.35185185185185186,70,0.6481481481481481,0.6578947368421053,0.592948717948718,0.4166666666666667,0.7692307692307693,20,6,7,5
heuristic_quality_score+safety_soft,main,0.39999999999999997,43,0.39814814814814814,65,0.6018518518518519,0.6744186046511628,0.6293103448275862,0.5,0.7586206896551724,22,7,7,7
heuristic_quality_score+safety_soft,safety_switch,0.39999999999999997,43,0.39814814814814814,65,0.6018518518518519,0.6744186046511628,0.6293103448275862,0.5,0.7586206896551724,22,7,7,7
heuristic_quality_score+safety_soft,main,0.44999999999999996,49,0.4537037037037037,59,0.5462962962962963,0.673469387755102,0.615686274509804,0.4666666666666667,0.7647058823529411,26,8,8,7
heuristic_quality_score+safety_soft,safety_switch,0.44999999999999996,49,0.4537037037037037,59,0.5462962962962963,0.673469387755102,0.615686274509804,0.4666666666666667,0.7647058823529411,26,8,8,7
heuristic_quality_score+safety_soft,main,0.49999999999999994,54,0.5,54,0.5,0.6481481481481481,0.5842607313195549,0.4117647058823529,0.7567567567567568,28,9,10,7
heuristic_quality_score+safety_soft,safety_switch,0.49999999999999994,54,0.5,54,0.5,0.6481481481481481,0.5842607313195549,0.4117647058823529,0.7567567567567568,28,9,10,7
heuristic_quality_score+safety_soft,main,0.5499999999999999,59,0.5462962962962963,49,0.4537037037037037,0.6440677966101694,0.5846153846153846,0.4,0.7692307692307693,30,9,12,8
heuristic_quality_score+safety_soft,safety_switch,0.5499999999999999,59,0.5462962962962963,49,0.4537037037037037,0.6440677966101694,0.5846153846153846,0.4,0.7692307692307693,30,9,12,8
heuristic_quality_score+safety_soft,main,0.5999999999999999,65,0.6018518518518519,43,0.39814814814814814,0.6615384615384615,0.610248447204969,0.43478260869565216,0.7857142857142857,33,9,13,10
heuristic_quality_score+safety_soft,safety_switch,0.5999999999999999,65,0.6018518518518519,43,0.39814814814814814,0.6615384615384615,0.610248447204969,0.43478260869565216,0.7857142857142857,33,9,13,10
heuristic_quality_score+safety_soft,main,0.6499999999999999,70,0.6481481481481481,38,0.35185185185185186,0.6571428571428571,0.6096014492753623,0.4583333333333333,0.7608695652173914,35,11,13,11
heuristic_quality_score+safety_soft,safety_switch,0.6499999999999999,70,0.6481481481481481,38,0.35185185185185186,0.6571428571428571,0.6096014492753623,0.4583333333333333,0.7608695652173914,35,11,13,11
heuristic_quality_score+safety_soft,main,0.7,76,0.7037037037037037,32,0.2962962962962963,0.6842105263157895,0.64,0.5,0.78,39,11,13,13
heuristic_quality_score+safety_soft,safety_switch,0.7,76,0.7037037037037037,32,0.2962962962962963,0.6842105263157895,0.64,0.5,0.78,39,11,13,13
heuristic_quality_score+safety_soft,main,0.7499999999999998,81,0.75,27,0.25,0.7037037037037037,0.6700928381962865,0.5517241379310345,0.7884615384615384,41,11,13,16
heuristic_quality_score+safety_soft,safety_switch,0.7499999999999998,81,0.75,27,0.25,0.7037037037037037,0.6700928381962865,0.5517241379310345,0.7884615384615384,41,11,13,16
heuristic_quality_score+safety_soft,main,0.7999999999999998,86,0.7962962962962963,22,0.2037037037037037,0.7093023255813954,0.6883484162895928,0.5882352941176471,0.7884615384615384,41,11,14,20
heuristic_quality_score+safety_soft,safety_switch,0.7999999999999998,86,0.7962962962962963,22,0.2037037037037037,0.7093023255813954,0.6883484162895928,0.5882352941176471,0.7884615384615384,41,11,14,20
heuristic_quality_score+safety_soft,main,0.8499999999999999,92,0.8518518518518519,16,0.14814814814814814,0.6956521739130435,0.6755952380952381,0.5833333333333334,0.7678571428571429,43,13,15,21
heuristic_quality_score+safety_soft,safety_switch,0.8499999999999999,92,0.8518518518518519,16,0.14814814814814814,0.6956521739130435,0.6755952380952381,0.5833333333333334,0.7678571428571429,43,13,15,21
heuristic_quality_score+safety_soft,main,0.8999999999999999,97,0.8981481481481481,11,0.10185185185185185,0.6804123711340206,0.6571618037135278,0.5384615384615384,0.7758620689655172,45,13,18,21
heuristic_quality_score+safety_soft,safety_switch,0.8999999999999999,97,0.8981481481481481,11,0.10185185185185185,0.7010309278350515,0.6870026525198939,0.6153846153846154,0.7586206896551724,44,14,15,24
heuristic_quality_score+safety_soft,main,0.9499999999999997,103,0.9537037037037037,5,0.046296296296296294,0.6601941747572816,0.6358527131782945,0.4883720930232558,0.7833333333333333,47,13,22,21
heuristic_quality_score+safety_soft,safety_switch,0.9499999999999997,103,0.9537037037037037,5,0.046296296296296294,0.6990291262135923,0.6922480620155038,0.6511627906976745,0.7333333333333333,44,16,15,28
heuristic_quality_score+safety_soft,main,0.9999999999999998,108,1.0,0,0.0,0.6481481481481481,0.627485176142309,0.46808510638297873,0.7868852459016393,48,13,25,22
heuristic_quality_score+safety_soft,safety_switch,0.9999999999999998,108,1.0,0,0.0,0.7037037037037037,0.7010812696198117,0.6808510638297872,0.7213114754098361,44,17,15,32
quality_rf_oof,main,0.2,22,0.2037037037037037,86,0.7962962962962963,0.6363636363636364,0.6363636363636364,0.5454545454545454,0.7272727272727273,8,3,5,6
quality_rf_oof,safety_switch,0.2,22,0.2037037037037037,86,0.7962962962962963,0.6818181818181818,0.6818181818181819,0.6363636363636364,0.7272727272727273,8,3,4,7
quality_rf_oof,main,0.25,27,0.25,81,0.75,0.6666666666666666,0.6620879120879121,0.5384615384615384,0.7857142857142857,11,3,6,7
quality_rf_oof,safety_switch,0.25,27,0.25,81,0.75,0.7037037037037037,0.7005494505494505,0.6153846153846154,0.7857142857142857,11,3,5,8
quality_rf_oof,main,0.3,32,0.2962962962962963,76,0.7037037037037037,0.625,0.6313725490196078,0.5294117647058824,0.7333333333333333,11,4,8,9
quality_rf_oof,safety_switch,0.3,32,0.2962962962962963,76,0.7037037037037037,0.6875,0.6901960784313725,0.6470588235294118,0.7333333333333333,11,4,6,11
quality_rf_oof,main,0.35,38,0.35185185185185186,70,0.6481481481481481,0.6052631578947368,0.6148459383753502,0.5238095238095238,0.7058823529411765,12,5,10,11
quality_rf_oof,safety_switch,0.35,38,0.35185185185185186,70,0.6481481481481481,0.7105263157894737,0.7100840336134454,0.7142857142857143,0.7058823529411765,12,5,6,15
quality_rf_oof,main,0.39999999999999997,43,0.39814814814814814,65,0.6018518518518519,0.6046511627906976,0.6071428571428572,0.5,0.7142857142857143,15,6,11,11
quality_rf_oof,safety_switch,0.39999999999999997,43,0.39814814814814814,65,0.6018518518518519,0.7209302325581395,0.7207792207792207,0.7272727272727273,0.7142857142857143,15,6,6,16
quality_rf_oof,main,0.44999999999999996,49,0.4537037037037037,59,0.5462962962962963,0.5918367346938775,0.5941666666666667,0.48,0.7083333333333334,17,7,13,12
quality_rf_oof,safety_switch,0.44999999999999996,49,0.4537037037037037,59,0.5462962962962963,0.6938775510204082,0.6933333333333334,0.72,0.6666666666666666,16,8,7,18
quality_rf_oof,main,0.49999999999999994,54,0.5,54,0.5,0.6296296296296297,0.625,0.5,0.75,21,7,13,13
quality_rf_oof,safety_switch,0.49999999999999994,54,0.5,54,0.5,0.7037037037037037,0.7046703296703296,0.7307692307692307,0.6785714285714286,19,9,7,19
quality_rf_oof,main,0.5499999999999999,59,0.5462962962962963,49,0.4537037037037037,0.5932203389830508,0.5959770114942529,0.43333333333333335,0.7586206896551724,22,7,17,13
quality_rf_oof,safety_switch,0.5499999999999999,59,0.5462962962962963,49,0.4537037037037037,0.711864406779661,0.7114942528735633,0.7333333333333333,0.6896551724137931,20,9,8,22
quality_rf_oof,main,0.5999999999999999,65,0.6018518518518519,43,0.39814814814814814,0.6,0.5970643939393939,0.40625,0.7878787878787878,26,7,19,13
quality_rf_oof,safety_switch,0.5999999999999999,65,0.6018518518518519,43,0.39814814814814814,0.7076923076923077,0.7073863636363636,0.6875,0.7272727272727273,24,9,10,22
quality_rf_oof,main,0.6499999999999999,70,0.6481481481481481,38,0.35185185185185186,0.6142857142857143,0.6142857142857143,0.42857142857142855,0.8,28,7,20,15
quality_rf_oof,safety_switch,0.6499999999999999,70,0.6481481481481481,38,0.35185185185185186,0.7142857142857143,0.7142857142857143,0.7142857142857143,0.7142857142857143,25,10,10,25
quality_rf_oof,main,0.7,76,0.7037037037037037,32,0.2962962962962963,0.6052631578947368,0.6015246015246015,0.4594594594594595,0.7435897435897436,29,10,20,17
quality_rf_oof,safety_switch,0.7,76,0.7037037037037037,32,0.2962962962962963,0.6842105263157895,0.6853776853776854,0.7297297297297297,0.6410256410256411,25,14,10,27
quality_rf_oof,main,0.7499999999999998,81,0.75,27,0.25,0.6296296296296297,0.620563035495716,0.47368421052631576,0.7674418604651163,33,10,20,18
quality_rf_oof,safety_switch,0.7499999999999998,81,0.75,27,0.25,0.7037037037037037,0.7056303549571603,0.7368421052631579,0.6744186046511628,29,14,10,28
quality_rf_oof,main,0.7999999999999998,86,0.7962962962962963,22,0.2037037037037037,0.6511627906976745,0.6413043478260869,0.5,0.782608695652174,36,10,20,20
quality_rf_oof,safety_switch,0.7999999999999998,86,0.7962962962962963,22,0.2037037037037037,0.7209302325581395,0.7228260869565217,0.75,0.6956521739130435,32,14,10,30
quality_rf_oof,main,0.8499999999999999,92,0.8518518518518519,16,0.14814814814814814,0.6413043478260869,0.6319411485524442,0.4883720930232558,0.7755102040816326,38,11,22,21
quality_rf_oof,safety_switch,0.8499999999999999,92,0.8518518518518519,16,0.14814814814814814,0.7065217391304348,0.7074038917892738,0.7209302325581395,0.6938775510204082,34,15,12,31
quality_rf_oof,main,0.8999999999999999,97,0.8981481481481481,11,0.10185185185185185,0.6494845360824743,0.6386752136752136,0.4888888888888889,0.7884615384615384,41,11,23,22
quality_rf_oof,safety_switch,0.8999999999999999,97,0.8981481481481481,11,0.10185185185185185,0.711340206185567,0.7113247863247864,0.7111111111111111,0.7115384615384616,37,15,13,32
quality_rf_oof,main,0.9499999999999997,103,0.9537037037037037,5,0.046296296296296294,0.6504854368932039,0.6338672768878719,0.4782608695652174,0.7894736842105263,45,12,24,22
quality_rf_oof,safety_switch,0.9499999999999997,103,0.9537037037037037,5,0.046296296296296294,0.7087378640776699,0.7074752097635393,0.6956521739130435,0.7192982456140351,41,16,14,32
quality_rf_oof,main,0.9999999999999998,108,1.0,0,0.0,0.6481481481481481,0.627485176142309,0.46808510638297873,0.7868852459016393,48,13,25,22
quality_rf_oof,safety_switch,0.9999999999999998,108,1.0,0,0.0,0.7037037037037037,0.7010812696198117,0.6808510638297872,0.7213114754098361,44,17,15,32
quality_rf_oof+safety_binary,main,0.2,22,0.2037037037037037,86,0.7962962962962963,0.6818181818181818,0.675,0.6,0.75,9,3,4,6
quality_rf_oof+safety_binary,safety_switch,0.2,22,0.2037037037037037,86,0.7962962962962963,0.6818181818181818,0.675,0.6,0.75,9,3,4,6
quality_rf_oof+safety_binary,main,0.25,27,0.25,81,0.75,0.6666666666666666,0.6620879120879121,0.5384615384615384,0.7857142857142857,11,3,6,7
quality_rf_oof+safety_binary,safety_switch,0.25,27,0.25,81,0.75,0.6666666666666666,0.6620879120879121,0.5384615384615384,0.7857142857142857,11,3,6,7
quality_rf_oof+safety_binary,main,0.3,32,0.2962962962962963,76,0.7037037037037037,0.65625,0.65625,0.625,0.6875,11,5,6,10
quality_rf_oof+safety_binary,safety_switch,0.3,32,0.2962962962962963,76,0.7037037037037037,0.65625,0.65625,0.625,0.6875,11,5,6,10
quality_rf_oof+safety_binary,main,0.35,38,0.35185185185185186,70,0.6481481481481481,0.6842105263157895,0.680672268907563,0.6470588235294118,0.7142857142857143,15,6,6,11
quality_rf_oof+safety_binary,safety_switch,0.35,38,0.35185185185185186,70,0.6481481481481481,0.6842105263157895,0.680672268907563,0.6470588235294118,0.7142857142857143,15,6,6,11
quality_rf_oof+safety_binary,main,0.39999999999999997,43,0.39814814814814814,65,0.6018518518518519,0.6744186046511628,0.6699561403508771,0.631578947368421,0.7083333333333334,17,7,7,12
quality_rf_oof+safety_binary,safety_switch,0.39999999999999997,43,0.39814814814814814,65,0.6018518518518519,0.6744186046511628,0.6699561403508771,0.631578947368421,0.7083333333333334,17,7,7,12
quality_rf_oof+safety_binary,main,0.44999999999999996,49,0.4537037037037037,59,0.5462962962962963,0.673469387755102,0.6658249158249159,0.5909090909090909,0.7407407407407407,20,7,9,13
quality_rf_oof+safety_binary,safety_switch,0.44999999999999996,49,0.4537037037037037,59,0.5462962962962963,0.673469387755102,0.6658249158249159,0.5909090909090909,0.7407407407407407,20,7,9,13
quality_rf_oof+safety_binary,main,0.49999999999999994,54,0.5,54,0.5,0.6851851851851852,0.6697054698457223,0.5652173913043478,0.7741935483870968,24,7,10,13
quality_rf_oof+safety_binary,safety_switch,0.49999999999999994,54,0.5,54,0.5,0.6851851851851852,0.6697054698457223,0.5652173913043478,0.7741935483870968,24,7,10,13
quality_rf_oof+safety_binary,main,0.5499999999999999,59,0.5462962962962963,49,0.4537037037037037,0.6779661016949152,0.6676470588235295,0.6,0.7352941176470589,25,9,10,15
quality_rf_oof+safety_binary,safety_switch,0.5499999999999999,59,0.5462962962962963,49,0.4537037037037037,0.6779661016949152,0.6676470588235295,0.6,0.7352941176470589,25,9,10,15
quality_rf_oof+safety_binary,main,0.5999999999999999,65,0.6018518518518519,43,0.39814814814814814,0.6923076923076923,0.6862934362934363,0.6428571428571429,0.7297297297297297,27,10,10,18
quality_rf_oof+safety_binary,safety_switch,0.5999999999999999,65,0.6018518518518519,43,0.39814814814814814,0.6923076923076923,0.6862934362934363,0.6428571428571429,0.7297297297297297,27,10,10,18
quality_rf_oof+safety_binary,main,0.6499999999999999,70,0.6481481481481481,38,0.35185185185185186,0.7142857142857143,0.7056349873843566,0.6551724137931034,0.7560975609756098,31,10,10,19
quality_rf_oof+safety_binary,safety_switch,0.6499999999999999,70,0.6481481481481481,38,0.35185185185185186,0.7142857142857143,0.7056349873843566,0.6551724137931034,0.7560975609756098,31,10,10,19
quality_rf_oof+safety_binary,main,0.7,76,0.7037037037037037,32,0.2962962962962963,0.7105263157894737,0.703125,0.65625,0.75,33,11,11,21
quality_rf_oof+safety_binary,safety_switch,0.7,76,0.7037037037037037,32,0.2962962962962963,0.7105263157894737,0.703125,0.65625,0.75,33,11,11,21
quality_rf_oof+safety_binary,main,0.7499999999999998,81,0.75,27,0.25,0.7037037037037037,0.69180225281602,0.6176470588235294,0.7659574468085106,36,11,13,21
quality_rf_oof+safety_binary,safety_switch,0.7499999999999998,81,0.75,27,0.25,0.7037037037037037,0.69180225281602,0.6176470588235294,0.7659574468085106,36,11,13,21
quality_rf_oof+safety_binary,main,0.7999999999999998,86,0.7962962962962963,22,0.2037037037037037,0.7209302325581395,0.7064425770308123,0.6285714285714286,0.7843137254901961,40,11,13,22
quality_rf_oof+safety_binary,safety_switch,0.7999999999999998,86,0.7962962962962963,22,0.2037037037037037,0.7209302325581395,0.7064425770308123,0.6285714285714286,0.7843137254901961,40,11,13,22
quality_rf_oof+safety_binary,main,0.8499999999999999,92,0.8518518518518519,16,0.14814814814814814,0.6956521739130435,0.6791154791154792,0.5945945945945946,0.7636363636363637,42,13,15,22
quality_rf_oof+safety_binary,safety_switch,0.8499999999999999,92,0.8518518518518519,16,0.14814814814814814,0.6956521739130435,0.6791154791154792,0.5945945945945946,0.7636363636363637,42,13,15,22
quality_rf_oof+safety_binary,main,0.8999999999999999,97,0.8981481481481481,11,0.10185185185185185,0.7010309278350515,0.6793041926851027,0.5789473684210527,0.7796610169491526,46,13,16,22
quality_rf_oof+safety_binary,safety_switch,0.8999999999999999,97,0.8981481481481481,11,0.10185185185185185,0.6907216494845361,0.6755129348795719,0.6052631578947368,0.7457627118644068,44,15,15,23
quality_rf_oof+safety_binary,main,0.9499999999999997,103,0.9537037037037037,5,0.046296296296296294,0.6699029126213593,0.6474806201550387,0.5116279069767442,0.7833333333333333,47,13,21,22
quality_rf_oof+safety_binary,safety_switch,0.9499999999999997,103,0.9537037037037037,5,0.046296296296296294,0.6990291262135923,0.6922480620155038,0.6511627906976745,0.7333333333333333,44,16,15,28
quality_rf_oof+safety_binary,main,0.9999999999999998,108,1.0,0,0.0,0.6481481481481481,0.627485176142309,0.46808510638297873,0.7868852459016393,48,13,25,22
quality_rf_oof+safety_binary,safety_switch,0.9999999999999998,108,1.0,0,0.0,0.7037037037037037,0.7010812696198117,0.6808510638297872,0.7213114754098361,44,17,15,32
quality_rf_oof+safety_soft,main,0.2,22,0.2037037037037037,86,0.7962962962962963,0.6818181818181818,0.675,0.6,0.75,9,3,4,6
quality_rf_oof+safety_soft,safety_switch,0.2,22,0.2037037037037037,86,0.7962962962962963,0.6818181818181818,0.675,0.6,0.75,9,3,4,6
quality_rf_oof+safety_soft,main,0.25,27,0.25,81,0.75,0.6666666666666666,0.6620879120879121,0.5384615384615384,0.7857142857142857,11,3,6,7
quality_rf_oof+safety_soft,safety_switch,0.25,27,0.25,81,0.75,0.6666666666666666,0.6620879120879121,0.5384615384615384,0.7857142857142857,11,3,6,7
quality_rf_oof+safety_soft,main,0.3,32,0.2962962962962963,76,0.7037037037037037,0.65625,0.65625,0.625,0.6875,11,5,6,10
quality_rf_oof+safety_soft,safety_switch,0.3,32,0.2962962962962963,76,0.7037037037037037,0.65625,0.65625,0.625,0.6875,11,5,6,10
quality_rf_oof+safety_soft,main,0.35,38,0.35185185185185186,70,0.6481481481481481,0.6842105263157895,0.680672268907563,0.6470588235294118,0.7142857142857143,15,6,6,11
quality_rf_oof+safety_soft,safety_switch,0.35,38,0.35185185185185186,70,0.6481481481481481,0.6842105263157895,0.680672268907563,0.6470588235294118,0.7142857142857143,15,6,6,11
quality_rf_oof+safety_soft,main,0.39999999999999997,43,0.39814814814814814,65,0.6018518518518519,0.6744186046511628,0.6699561403508771,0.631578947368421,0.7083333333333334,17,7,7,12
quality_rf_oof+safety_soft,safety_switch,0.39999999999999997,43,0.39814814814814814,65,0.6018518518518519,0.6744186046511628,0.6699561403508771,0.631578947368421,0.7083333333333334,17,7,7,12
quality_rf_oof+safety_soft,main,0.44999999999999996,49,0.4537037037037037,59,0.5462962962962963,0.673469387755102,0.6658249158249159,0.5909090909090909,0.7407407407407407,20,7,9,13
quality_rf_oof+safety_soft,safety_switch,0.44999999999999996,49,0.4537037037037037,59,0.5462962962962963,0.673469387755102,0.6658249158249159,0.5909090909090909,0.7407407407407407,20,7,9,13
quality_rf_oof+safety_soft,main,0.49999999999999994,54,0.5,54,0.5,0.6851851851851852,0.6697054698457223,0.5652173913043478,0.7741935483870968,24,7,10,13
quality_rf_oof+safety_soft,safety_switch,0.49999999999999994,54,0.5,54,0.5,0.6851851851851852,0.6697054698457223,0.5652173913043478,0.7741935483870968,24,7,10,13
quality_rf_oof+safety_soft,main,0.5499999999999999,59,0.5462962962962963,49,0.4537037037037037,0.6779661016949152,0.6676470588235295,0.6,0.7352941176470589,25,9,10,15
quality_rf_oof+safety_soft,safety_switch,0.5499999999999999,59,0.5462962962962963,49,0.4537037037037037,0.6779661016949152,0.6676470588235295,0.6,0.7352941176470589,25,9,10,15
quality_rf_oof+safety_soft,main,0.5999999999999999,65,0.6018518518518519,43,0.39814814814814814,0.6923076923076923,0.6862934362934363,0.6428571428571429,0.7297297297297297,27,10,10,18
quality_rf_oof+safety_soft,safety_switch,0.5999999999999999,65,0.6018518518518519,43,0.39814814814814814,0.6923076923076923,0.6862934362934363,0.6428571428571429,0.7297297297297297,27,10,10,18
quality_rf_oof+safety_soft,main,0.6499999999999999,70,0.6481481481481481,38,0.35185185185185186,0.7142857142857143,0.7056349873843566,0.6551724137931034,0.7560975609756098,31,10,10,19
quality_rf_oof+safety_soft,safety_switch,0.6499999999999999,70,0.6481481481481481,38,0.35185185185185186,0.7142857142857143,0.7056349873843566,0.6551724137931034,0.7560975609756098,31,10,10,19
quality_rf_oof+safety_soft,main,0.7,76,0.7037037037037037,32,0.2962962962962963,0.7105263157894737,0.703125,0.65625,0.75,33,11,11,21
quality_rf_oof+safety_soft,safety_switch,0.7,76,0.7037037037037037,32,0.2962962962962963,0.7105263157894737,0.703125,0.65625,0.75,33,11,11,21
quality_rf_oof+safety_soft,main,0.7499999999999998,81,0.75,27,0.25,0.7037037037037037,0.69180225281602,0.6176470588235294,0.7659574468085106,36,11,13,21
quality_rf_oof+safety_soft,safety_switch,0.7499999999999998,81,0.75,27,0.25,0.7037037037037037,0.69180225281602,0.6176470588235294,0.7659574468085106,36,11,13,21
quality_rf_oof+safety_soft,main,0.7999999999999998,86,0.7962962962962963,22,0.2037037037037037,0.7209302325581395,0.7064425770308123,0.6285714285714286,0.7843137254901961,40,11,13,22
quality_rf_oof+safety_soft,safety_switch,0.7999999999999998,86,0.7962962962962963,22,0.2037037037037037,0.7209302325581395,0.7064425770308123,0.6285714285714286,0.7843137254901961,40,11,13,22
quality_rf_oof+safety_soft,main,0.8499999999999999,92,0.8518518518518519,16,0.14814814814814814,0.6956521739130435,0.6791154791154792,0.5945945945945946,0.7636363636363637,42,13,15,22
quality_rf_oof+safety_soft,safety_switch,0.8499999999999999,92,0.8518518518518519,16,0.14814814814814814,0.6847826086956522,0.67002457002457,0.5945945945945946,0.7454545454545455,41,14,15,22
quality_rf_oof+safety_soft,main,0.8999999999999999,97,0.8981481481481481,11,0.10185185185185185,0.6701030927835051,0.6522212543554007,0.5365853658536586,0.7678571428571429,43,13,19,22
quality_rf_oof+safety_soft,safety_switch,0.8999999999999999,97,0.8981481481481481,11,0.10185185185185185,0.6907216494845361,0.6831445993031359,0.6341463414634146,0.7321428571428571,41,15,15,26
quality_rf_oof+safety_soft,main,0.9499999999999997,103,0.9537037037037037,5,0.046296296296296294,0.6407766990291263,0.6250953470633105,0.4782608695652174,0.7719298245614035,44,13,24,22
quality_rf_oof+safety_soft,safety_switch,0.9499999999999997,103,0.9537037037037037,5,0.046296296296296294,0.6990291262135923,0.6966056445461479,0.6739130434782609,0.7192982456140351,41,16,15,31
quality_rf_oof+safety_soft,main,0.9999999999999998,108,1.0,0,0.0,0.6481481481481481,0.627485176142309,0.46808510638297873,0.7868852459016393,48,13,25,22
quality_rf_oof+safety_soft,safety_switch,0.9999999999999998,108,1.0,0,0.0,0.7037037037037037,0.7010812696198117,0.6808510638297872,0.7213114754098361,44,17,15,32
quality_extra_trees_oof,main,0.2,22,0.2037037037037037,86,0.7962962962962963,0.5909090909090909,0.5916666666666667,0.5833333333333334,0.6,6,4,5,7
quality_extra_trees_oof,safety_switch,0.2,22,0.2037037037037037,86,0.7962962962962963,0.6363636363636364,0.6333333333333333,0.6666666666666666,0.6,6,4,4,8
quality_extra_trees_oof,main,0.25,27,0.25,81,0.75,0.6296296296296297,0.6318681318681318,0.5714285714285714,0.6923076923076923,9,4,6,8
quality_extra_trees_oof,safety_switch,0.25,27,0.25,81,0.75,0.6666666666666666,0.6675824175824177,0.6428571428571429,0.6923076923076923,9,4,5,9
quality_extra_trees_oof,main,0.3,32,0.2962962962962963,76,0.7037037037037037,0.65625,0.6568627450980392,0.6470588235294118,0.6666666666666666,10,5,6,11
quality_extra_trees_oof,safety_switch,0.3,32,0.2962962962962963,76,0.7037037037037037,0.6875,0.6862745098039216,0.7058823529411765,0.6666666666666666,10,5,5,12
quality_extra_trees_oof,main,0.35,38,0.35185185185185186,70,0.6481481481481481,0.631578947368421,0.6386554621848739,0.5714285714285714,0.7058823529411765,12,5,9,12
quality_extra_trees_oof,safety_switch,0.35,38,0.35185185185185186,70,0.6481481481481481,0.6842105263157895,0.680672268907563,0.7142857142857143,0.6470588235294118,11,6,6,15
quality_extra_trees_oof,main,0.39999999999999997,43,0.39814814814814814,65,0.6018518518518519,0.6511627906976745,0.6493506493506493,0.5714285714285714,0.7272727272727273,16,6,9,12
quality_extra_trees_oof,safety_switch,0.39999999999999997,43,0.39814814814814814,65,0.6018518518518519,0.6976744186046512,0.698051948051948,0.7142857142857143,0.6818181818181818,15,7,6,15
quality_extra_trees_oof,main,0.44999999999999996,49,0.4537037037037037,59,0.5462962962962963,0.6938775510204082,0.6889632107023411,0.6086956521739131,0.7692307692307693,20,6,9,14
quality_extra_trees_oof,safety_switch,0.44999999999999996,49,0.4537037037037037,59,0.5462962962962963,0.7346938775510204,0.7349498327759196,0.7391304347826086,0.7307692307692307,19,7,6,17
quality_extra_trees_oof,main,0.49999999999999994,54,0.5,54,0.5,0.6481481481481481,0.6442307692307692,0.5384615384615384,0.75,21,7,12,14
quality_extra_trees_oof,safety_switch,0.49999999999999994,54,0.5,54,0.5,0.7222222222222222,0.7225274725274725,0.7307692307692307,0.7142857142857143,20,8,7,19
quality_extra_trees_oof,main,0.5499999999999999,59,0.5462962962962963,49,0.4537037037037037,0.6610169491525424,0.6591954022988507,0.5517241379310345,0.7666666666666667,23,7,13,16
quality_extra_trees_oof,safety_switch,0.5499999999999999,59,0.5462962962962963,49,0.4537037037037037,0.7457627118644068,0.7459770114942528,0.7586206896551724,0.7333333333333333,22,8,7,22
quality_extra_trees_oof,main,0.5999999999999999,65,0.6018518518518519,43,0.39814814814814814,0.6615384615384615,0.6565464895635673,0.5483870967741935,0.7647058823529411,26,8,14,17
quality_extra_trees_oof,safety_switch,0.5999999999999999,65,0.6018518518518519,43,0.39814814814814814,0.7538461538461538,0.7547438330170778,0.7741935483870968,0.7352941176470589,25,9,7,24
quality_extra_trees_oof,main,0.6499999999999999,70,0.6481481481481481,38,0.35185185185185186,0.6571428571428571,0.6494676494676495,0.5151515151515151,0.7837837837837838,29,8,16,17
quality_extra_trees_oof,safety_switch,0.6499999999999999,70,0.6481481481481481,38,0.35185185185185186,0.7285714285714285,0.7301392301392302,0.7575757575757576,0.7027027027027027,26,11,8,25
quality_extra_trees_oof,main,0.7,76,0.7037037037037037,32,0.2962962962962963,0.6447368421052632,0.6331010452961673,0.4857142857142857,0.7804878048780488,32,9,18,17
quality_extra_trees_oof,safety_switch,0.7,76,0.7037037037037037,32,0.2962962962962963,0.7236842105263158,0.7250871080139373,0.7428571428571429,0.7073170731707317,29,12,9,26
quality_extra_trees_oof,main,0.7499999999999998,81,0.75,27,0.25,0.6666666666666666,0.65,0.5,0.8,36,9,18,18
quality_extra_trees_oof,safety_switch,0.7499999999999998,81,0.75,27,0.25,0.7283950617283951,0.7305555555555556,0.75,0.7111111111111111,32,13,9,27
quality_extra_trees_oof,main,0.7999999999999998,86,0.7962962962962963,22,0.2037037037037037,0.6744186046511628,0.6547159404302261,0.5135135135135135,0.7959183673469388,39,10,18,19
quality_extra_trees_oof,safety_switch,0.7999999999999998,86,0.7962962962962963,22,0.2037037037037037,0.7325581395348837,0.7355212355212355,0.7567567567567568,0.7142857142857143,35,14,9,28
quality_extra_trees_oof,main,0.8499999999999999,92,0.8518518518518519,16,0.14814814814814814,0.6521739130434783,0.6360593017694882,0.4878048780487805,0.7843137254901961,40,11,21,20
quality_extra_trees_oof,safety_switch,0.8499999999999999,92,0.8518518518518519,16,0.14814814814814814,0.717391304347826,0.7187948350071736,0.7317073170731707,0.7058823529411765,36,15,11,30
quality_extra_trees_oof,main,0.8999999999999999,97,0.8981481481481481,11,0.10185185185185185,0.6597938144329897,0.642334194659776,0.4883720930232558,0.7962962962962963,43,11,22,21
quality_extra_trees_oof,safety_switch,0.8999999999999999,97,0.8981481481481481,11,0.10185185185185185,0.7216494845360825,0.7215762273901809,0.7209302325581395,0.7222222222222222,39,15,12,31
quality_extra_trees_oof,main,0.9499999999999997,103,0.9537037037037037,5,0.046296296296296294,0.6407766990291263,0.6268996960486322,0.46808510638297873,0.7857142857142857,44,12,25,22
quality_extra_trees_oof,safety_switch,0.9499999999999997,103,0.9537037037037037,5,0.046296296296296294,0.6990291262135923,0.6975683890577508,0.6808510638297872,0.7142857142857143,40,16,15,32
quality_extra_trees_oof,main,0.9999999999999998,108,1.0,0,0.0,0.6481481481481481,0.627485176142309,0.46808510638297873,0.7868852459016393,48,13,25,22
quality_extra_trees_oof,safety_switch,0.9999999999999998,108,1.0,0,0.0,0.7037037037037037,0.7010812696198117,0.6808510638297872,0.7213114754098361,44,17,15,32
quality_extra_trees_oof+safety_binary,main,0.2,22,0.2037037037037037,86,0.7962962962962963,0.6363636363636364,0.6333333333333333,0.6666666666666666,0.6,6,4,4,8
quality_extra_trees_oof+safety_binary,safety_switch,0.2,22,0.2037037037037037,86,0.7962962962962963,0.6363636363636364,0.6333333333333333,0.6666666666666666,0.6,6,4,4,8
quality_extra_trees_oof+safety_binary,main,0.25,27,0.25,81,0.75,0.6666666666666666,0.6648351648351649,0.6153846153846154,0.7142857142857143,10,4,5,8
quality_extra_trees_oof+safety_binary,safety_switch,0.25,27,0.25,81,0.75,0.6666666666666666,0.6648351648351649,0.6153846153846154,0.7142857142857143,10,4,5,8
quality_extra_trees_oof+safety_binary,main,0.3,32,0.2962962962962963,76,0.7037037037037037,0.6875,0.6862745098039216,0.7058823529411765,0.6666666666666666,10,5,5,12
quality_extra_trees_oof+safety_binary,safety_switch,0.3,32,0.2962962962962963,76,0.7037037037037037,0.6875,0.6862745098039216,0.7058823529411765,0.6666666666666666,10,5,5,12
quality_extra_trees_oof+safety_binary,main,0.35,38,0.35185185185185186,70,0.6481481481481481,0.6842105263157895,0.6833333333333333,0.6666666666666666,0.7,14,6,6,12
quality_extra_trees_oof+safety_binary,safety_switch,0.35,38,0.35185185185185186,70,0.6481481481481481,0.6842105263157895,0.6833333333333333,0.6666666666666666,0.7,14,6,6,12
quality_extra_trees_oof+safety_binary,main,0.39999999999999997,43,0.39814814814814814,65,0.6018518518518519,0.7209302325581395,0.7133333333333334,0.6666666666666666,0.76,19,6,6,12
quality_extra_trees_oof+safety_binary,safety_switch,0.39999999999999997,43,0.39814814814814814,65,0.6018518518518519,0.7209302325581395,0.7133333333333334,0.6666666666666666,0.76,19,6,6,12
quality_extra_trees_oof+safety_binary,main,0.44999999999999996,49,0.4537037037037037,59,0.5462962962962963,0.7142857142857143,0.7112794612794613,0.6818181818181818,0.7407407407407407,20,7,7,15
quality_extra_trees_oof+safety_binary,safety_switch,0.44999999999999996,49,0.4537037037037037,59,0.5462962962962963,0.7142857142857143,0.7112794612794613,0.6818181818181818,0.7407407407407407,20,7,7,15
quality_extra_trees_oof+safety_binary,main,0.49999999999999994,54,0.5,54,0.5,0.7407407407407407,0.7375,0.7083333333333334,0.7666666666666667,23,7,7,17
quality_extra_trees_oof+safety_binary,safety_switch,0.49999999999999994,54,0.5,54,0.5,0.7407407407407407,0.7375,0.7083333333333334,0.7666666666666667,23,7,7,17
quality_extra_trees_oof+safety_binary,main,0.5499999999999999,59,0.5462962962962963,49,0.4537037037037037,0.7288135593220338,0.7223529411764706,0.68,0.7647058823529411,26,8,8,17
quality_extra_trees_oof+safety_binary,safety_switch,0.5499999999999999,59,0.5462962962962963,49,0.4537037037037037,0.7288135593220338,0.7223529411764706,0.68,0.7647058823529411,26,8,8,17
quality_extra_trees_oof+safety_binary,main,0.5999999999999999,65,0.6018518518518519,43,0.39814814814814814,0.7230769230769231,0.7149122807017544,0.6666666666666666,0.7631578947368421,29,9,9,18
quality_extra_trees_oof+safety_binary,safety_switch,0.5999999999999999,65,0.6018518518518519,43,0.39814814814814814,0.7230769230769231,0.7149122807017544,0.6666666666666666,0.7631578947368421,29,9,9,18
quality_extra_trees_oof+safety_binary,main,0.6499999999999999,70,0.6481481481481481,38,0.35185185185185186,0.7285714285714285,0.7170542635658914,0.6666666666666666,0.7674418604651163,33,10,9,18
quality_extra_trees_oof+safety_binary,safety_switch,0.6499999999999999,70,0.6481481481481481,38,0.35185185185185186,0.7285714285714285,0.7170542635658914,0.6666666666666666,0.7674418604651163,33,10,9,18
quality_extra_trees_oof+safety_binary,main,0.7,76,0.7037037037037037,32,0.2962962962962963,0.7368421052631579,0.7246376811594203,0.6666666666666666,0.782608695652174,36,10,10,20
quality_extra_trees_oof+safety_binary,safety_switch,0.7,76,0.7037037037037037,32,0.2962962962962963,0.7368421052631579,0.7246376811594203,0.6666666666666666,0.782608695652174,36,10,10,20
quality_extra_trees_oof+safety_binary,main,0.7499999999999998,81,0.75,27,0.25,0.7160493827160493,0.7002551020408163,0.625,0.7755102040816326,38,11,12,20
quality_extra_trees_oof+safety_binary,safety_switch,0.7499999999999998,81,0.75,27,0.25,0.7160493827160493,0.7002551020408163,0.625,0.7755102040816326,38,11,12,20
quality_extra_trees_oof+safety_binary,main,0.7999999999999998,86,0.7962962962962963,22,0.2037037037037037,0.7093023255813954,0.6934389140271493,0.6176470588235294,0.7692307692307693,40,12,13,21
quality_extra_trees_oof+safety_binary,safety_switch,0.7999999999999998,86,0.7962962962962963,22,0.2037037037037037,0.7093023255813954,0.6934389140271493,0.6176470588235294,0.7692307692307693,40,12,13,21
quality_extra_trees_oof+safety_binary,main,0.8499999999999999,92,0.8518518518518519,16,0.14814814814814814,0.6956521739130435,0.6791154791154792,0.5945945945945946,0.7636363636363637,42,13,15,22
quality_extra_trees_oof+safety_binary,safety_switch,0.8499999999999999,92,0.8518518518518519,16,0.14814814814814814,0.6956521739130435,0.6791154791154792,0.5945945945945946,0.7636363636363637,42,13,15,22
quality_extra_trees_oof+safety_binary,main,0.8999999999999999,97,0.8981481481481481,11,0.10185185185185185,0.7010309278350515,0.6793041926851027,0.5789473684210527,0.7796610169491526,46,13,16,22
quality_extra_trees_oof+safety_binary,safety_switch,0.8999999999999999,97,0.8981481481481481,11,0.10185185185185185,0.6907216494845361,0.6755129348795719,0.6052631578947368,0.7457627118644068,44,15,15,23
quality_extra_trees_oof+safety_binary,main,0.9499999999999997,103,0.9537037037037037,5,0.046296296296296294,0.6699029126213593,0.6474806201550387,0.5116279069767442,0.7833333333333333,47,13,21,22
quality_extra_trees_oof+safety_binary,safety_switch,0.9499999999999997,103,0.9537037037037037,5,0.046296296296296294,0.6990291262135923,0.6922480620155038,0.6511627906976745,0.7333333333333333,44,16,15,28
quality_extra_trees_oof+safety_binary,main,0.9999999999999998,108,1.0,0,0.0,0.6481481481481481,0.627485176142309,0.46808510638297873,0.7868852459016393,48,13,25,22
quality_extra_trees_oof+safety_binary,safety_switch,0.9999999999999998,108,1.0,0,0.0,0.7037037037037037,0.7010812696198117,0.6808510638297872,0.7213114754098361,44,17,15,32
quality_extra_trees_oof+safety_soft,main,0.2,22,0.2037037037037037,86,0.7962962962962963,0.6363636363636364,0.6333333333333333,0.6666666666666666,0.6,6,4,4,8
quality_extra_trees_oof+safety_soft,safety_switch,0.2,22,0.2037037037037037,86,0.7962962962962963,0.6363636363636364,0.6333333333333333,0.6666666666666666,0.6,6,4,4,8
quality_extra_trees_oof+safety_soft,main,0.25,27,0.25,81,0.75,0.6666666666666666,0.6648351648351649,0.6153846153846154,0.7142857142857143,10,4,5,8
quality_extra_trees_oof+safety_soft,safety_switch,0.25,27,0.25,81,0.75,0.6666666666666666,0.6648351648351649,0.6153846153846154,0.7142857142857143,10,4,5,8
quality_extra_trees_oof+safety_soft,main,0.3,32,0.2962962962962963,76,0.7037037037037037,0.6875,0.6862745098039216,0.7058823529411765,0.6666666666666666,10,5,5,12
quality_extra_trees_oof+safety_soft,safety_switch,0.3,32,0.2962962962962963,76,0.7037037037037037,0.6875,0.6862745098039216,0.7058823529411765,0.6666666666666666,10,5,5,12
quality_extra_trees_oof+safety_soft,main,0.35,38,0.35185185185185186,70,0.6481481481481481,0.6842105263157895,0.6833333333333333,0.6666666666666666,0.7,14,6,6,12
quality_extra_trees_oof+safety_soft,safety_switch,0.35,38,0.35185185185185186,70,0.6481481481481481,0.6842105263157895,0.6833333333333333,0.6666666666666666,0.7,14,6,6,12
quality_extra_trees_oof+safety_soft,main,0.39999999999999997,43,0.39814814814814814,65,0.6018518518518519,0.7209302325581395,0.7133333333333334,0.6666666666666666,0.76,19,6,6,12
quality_extra_trees_oof+safety_soft,safety_switch,0.39999999999999997,43,0.39814814814814814,65,0.6018518518518519,0.7209302325581395,0.7133333333333334,0.6666666666666666,0.76,19,6,6,12
quality_extra_trees_oof+safety_soft,main,0.44999999999999996,49,0.4537037037037037,59,0.5462962962962963,0.7142857142857143,0.7112794612794613,0.6818181818181818,0.7407407407407407,20,7,7,15
quality_extra_trees_oof+safety_soft,safety_switch,0.44999999999999996,49,0.4537037037037037,59,0.5462962962962963,0.7142857142857143,0.7112794612794613,0.6818181818181818,0.7407407407407407,20,7,7,15
quality_extra_trees_oof+safety_soft,main,0.49999999999999994,54,0.5,54,0.5,0.7407407407407407,0.7375,0.7083333333333334,0.7666666666666667,23,7,7,17
quality_extra_trees_oof+safety_soft,safety_switch,0.49999999999999994,54,0.5,54,0.5,0.7407407407407407,0.7375,0.7083333333333334,0.7666666666666667,23,7,7,17
quality_extra_trees_oof+safety_soft,main,0.5499999999999999,59,0.5462962962962963,49,0.4537037037037037,0.7288135593220338,0.7223529411764706,0.68,0.7647058823529411,26,8,8,17
quality_extra_trees_oof+safety_soft,safety_switch,0.5499999999999999,59,0.5462962962962963,49,0.4537037037037037,0.7288135593220338,0.7223529411764706,0.68,0.7647058823529411,26,8,8,17
quality_extra_trees_oof+safety_soft,main,0.5999999999999999,65,0.6018518518518519,43,0.39814814814814814,0.7230769230769231,0.7149122807017544,0.6666666666666666,0.7631578947368421,29,9,9,18
quality_extra_trees_oof+safety_soft,safety_switch,0.5999999999999999,65,0.6018518518518519,43,0.39814814814814814,0.7230769230769231,0.7149122807017544,0.6666666666666666,0.7631578947368421,29,9,9,18
quality_extra_trees_oof+safety_soft,main,0.6499999999999999,70,0.6481481481481481,38,0.35185185185185186,0.7285714285714285,0.7170542635658914,0.6666666666666666,0.7674418604651163,33,10,9,18
quality_extra_trees_oof+safety_soft,safety_switch,0.6499999999999999,70,0.6481481481481481,38,0.35185185185185186,0.7285714285714285,0.7170542635658914,0.6666666666666666,0.7674418604651163,33,10,9,18
quality_extra_trees_oof+safety_soft,main,0.7,76,0.7037037037037037,32,0.2962962962962963,0.7368421052631579,0.7246376811594203,0.6666666666666666,0.782608695652174,36,10,10,20
quality_extra_trees_oof+safety_soft,safety_switch,0.7,76,0.7037037037037037,32,0.2962962962962963,0.7368421052631579,0.7246376811594203,0.6666666666666666,0.782608695652174,36,10,10,20
quality_extra_trees_oof+safety_soft,main,0.7499999999999998,81,0.75,27,0.25,0.7160493827160493,0.7002551020408163,0.625,0.7755102040816326,38,11,12,20
quality_extra_trees_oof+safety_soft,safety_switch,0.7499999999999998,81,0.75,27,0.25,0.7160493827160493,0.7002551020408163,0.625,0.7755102040816326,38,11,12,20
quality_extra_trees_oof+safety_soft,main,0.7999999999999998,86,0.7962962962962963,22,0.2037037037037037,0.7093023255813954,0.6934389140271493,0.6176470588235294,0.7692307692307693,40,12,13,21
quality_extra_trees_oof+safety_soft,safety_switch,0.7999999999999998,86,0.7962962962962963,22,0.2037037037037037,0.7093023255813954,0.6934389140271493,0.6176470588235294,0.7692307692307693,40,12,13,21
quality_extra_trees_oof+safety_soft,main,0.8499999999999999,92,0.8518518518518519,16,0.14814814814814814,0.6956521739130435,0.6791154791154792,0.5945945945945946,0.7636363636363637,42,13,15,22
quality_extra_trees_oof+safety_soft,safety_switch,0.8499999999999999,92,0.8518518518518519,16,0.14814814814814814,0.6956521739130435,0.6791154791154792,0.5945945945945946,0.7636363636363637,42,13,15,22
quality_extra_trees_oof+safety_soft,main,0.8999999999999999,97,0.8981481481481481,11,0.10185185185185185,0.7010309278350515,0.6793041926851027,0.5789473684210527,0.7796610169491526,46,13,16,22
quality_extra_trees_oof+safety_soft,safety_switch,0.8999999999999999,97,0.8981481481481481,11,0.10185185185185185,0.6907216494845361,0.6755129348795719,0.6052631578947368,0.7457627118644068,44,15,15,23
quality_extra_trees_oof+safety_soft,main,0.9499999999999997,103,0.9537037037037037,5,0.046296296296296294,0.6699029126213593,0.6474806201550387,0.5116279069767442,0.7833333333333333,47,13,21,22
quality_extra_trees_oof+safety_soft,safety_switch,0.9499999999999997,103,0.9537037037037037,5,0.046296296296296294,0.6990291262135923,0.6922480620155038,0.6511627906976745,0.7333333333333333,44,16,15,28
quality_extra_trees_oof+safety_soft,main,0.9999999999999998,108,1.0,0,0.0,0.6481481481481481,0.627485176142309,0.46808510638297873,0.7868852459016393,48,13,25,22
quality_extra_trees_oof+safety_soft,safety_switch,0.9999999999999998,108,1.0,0,0.0,0.7037037037037037,0.7010812696198117,0.6808510638297872,0.7213114754098361,44,17,15,32
quality_logistic_oof,main,0.2,22,0.2037037037037037,86,0.7962962962962963,0.6363636363636364,0.6068376068376069,0.4444444444444444,0.7692307692307693,10,3,5,4
quality_logistic_oof,safety_switch,0.2,22,0.2037037037037037,86,0.7962962962962963,0.6363636363636364,0.641025641025641,0.6666666666666666,0.6153846153846154,8,5,3,6
quality_logistic_oof,main,0.25,27,0.25,81,0.75,0.6666666666666666,0.6335227272727273,0.45454545454545453,0.8125,13,3,6,5
quality_logistic_oof,safety_switch,0.25,27,0.25,81,0.75,0.6666666666666666,0.6619318181818181,0.6363636363636364,0.6875,11,5,4,7
quality_logistic_oof,main,0.3,32,0.2962962962962963,76,0.7037037037037037,0.6875,0.65,0.5,0.8,16,4,6,6
quality_logistic_oof,safety_switch,0.3,32,0.2962962962962963,76,0.7037037037037037,0.65625,0.6583333333333333,0.6666666666666666,0.65,13,7,4,8
quality_logistic_oof,main,0.35,38,0.35185185185185186,70,0.6481481481481481,0.6842105263157895,0.6309523809523809,0.42857142857142855,0.8333333333333334,20,4,8,6
quality_logistic_oof,safety_switch,0.35,38,0.35185185185185186,70,0.6481481481481481,0.7105263157894737,0.7113095238095238,0.7142857142857143,0.7083333333333334,17,7,4,10
quality_logistic_oof,main,0.39999999999999997,43,0.39814814814814814,65,0.6018518518518519,0.6744186046511628,0.6134259259259259,0.375,0.8518518518518519,23,4,10,6
quality_logistic_oof,safety_switch,0.39999999999999997,43,0.39814814814814814,65,0.6018518518518519,0.7209302325581395,0.7268518518518519,0.75,0.7037037037037037,19,8,4,12
quality_logistic_oof,main,0.44999999999999996,49,0.4537037037037037,59,0.5462962962962963,0.6530612244897959,0.621551724137931,0.45,0.7931034482758621,23,6,11,9
quality_logistic_oof,safety_switch,0.44999999999999996,49,0.4537037037037037,59,0.5462962962962963,0.6938775510204082,0.7025862068965517,0.75,0.6551724137931034,19,10,5,15
quality_logistic_oof,main,0.49999999999999994,54,0.5,54,0.5,0.6296296296296297,0.5951704545454546,0.4090909090909091,0.78125,25,7,13,9
quality_logistic_oof,safety_switch,0.49999999999999994,54,0.5,54,0.5,0.6666666666666666,0.6690340909090908,0.6818181818181818,0.65625,21,11,7,15
quality_logistic_oof,main,0.5499999999999999,59,0.5462962962962963,49,0.4537037037037037,0.6271186440677966,0.5970588235294118,0.4,0.7941176470588235,27,7,15,10
quality_logistic_oof,safety_switch,0.5499999999999999,59,0.5462962962962963,49,0.4537037037037037,0.6779661016949152,0.678235294117647,0.68,0.6764705882352942,23,11,8,17
quality_logistic_oof,main,0.5999999999999999,65,0.6018518518518519,43,0.39814814814814814,0.6153846153846154,0.5957854406130269,0.41379310344827586,0.7777777777777778,28,8,17,12
quality_logistic_oof,safety_switch,0.5999999999999999,65,0.6018518518518519,43,0.39814814814814814,0.6923076923076923,0.6954022988505747,0.7241379310344828,0.6666666666666666,24,12,8,21
quality_logistic_oof,main,0.6499999999999999,70,0.6481481481481481,38,0.35185185185185186,0.6285714285714286,0.6134868421052632,0.4375,0.7894736842105263,30,8,18,14
quality_logistic_oof,safety_switch,0.6499999999999999,70,0.6481481481481481,38,0.35185185185185186,0.7,0.7014802631578947,0.71875,0.6842105263157895,26,12,9,23
quality_logistic_oof,main,0.7,76,0.7037037037037037,32,0.2962962962962963,0.6447368421052632,0.6310104529616725,0.45714285714285713,0.8048780487804879,33,8,19,16
quality_logistic_oof,safety_switch,0.7,76,0.7037037037037037,32,0.2962962962962963,0.7236842105263158,0.7250871080139373,0.7428571428571429,0.7073170731707317,29,12,9,26
quality_logistic_oof,main,0.7499999999999998,81,0.75,27,0.25,0.654320987654321,0.6438188494492044,0.47368421052631576,0.813953488372093,35,8,20,18
quality_logistic_oof,safety_switch,0.7499999999999998,81,0.75,27,0.25,0.7283950617283951,0.7288861689106487,0.7368421052631579,0.7209302325581395,31,12,10,28
quality_logistic_oof,main,0.7999999999999998,86,0.7962962962962963,22,0.2037037037037037,0.627906976744186,0.613747954173486,0.46153846153846156,0.7659574468085106,36,11,21,18
quality_logistic_oof,safety_switch,0.7999999999999998,86,0.7962962962962963,22,0.2037037037037037,0.6976744186046512,0.6993998908892526,0.717948717948718,0.6808510638297872,32,15,11,28
quality_logistic_oof,main,0.8499999999999999,92,0.8518518518518519,16,0.14814814814814814,0.6521739130434783,0.6317307692307692,0.475,0.7884615384615384,41,11,21,19
quality_logistic_oof,safety_switch,0.8499999999999999,92,0.8518518518518519,16,0.14814814814814814,0.717391304347826,0.7182692307692308,0.725,0.7115384615384616,37,15,11,29
quality_logistic_oof,main,0.8999999999999999,97,0.8981481481481481,11,0.10185185185185185,0.6597938144329897,0.6462264150943396,0.5,0.7924528301886793,42,11,22,22
quality_logistic_oof,safety_switch,0.8999999999999999,97,0.8981481481481481,11,0.10185185185185185,0.7216494845360825,0.7221269296740995,0.7272727272727273,0.7169811320754716,38,15,12,32
quality_logistic_oof,main,0.9499999999999997,103,0.9537037037037037,5,0.046296296296296294,0.6504854368932039,0.6338672768878719,0.4782608695652174,0.7894736842105263,45,12,24,22
quality_logistic_oof,safety_switch,0.9499999999999997,103,0.9537037037037037,5,0.046296296296296294,0.7087378640776699,0.7074752097635393,0.6956521739130435,0.7192982456140351,41,16,14,32
quality_logistic_oof,main,0.9999999999999998,108,1.0,0,0.0,0.6481481481481481,0.627485176142309,0.46808510638297873,0.7868852459016393,48,13,25,22
quality_logistic_oof,safety_switch,0.9999999999999998,108,1.0,0,0.0,0.7037037037037037,0.7010812696198117,0.6808510638297872,0.7213114754098361,44,17,15,32
quality_logistic_oof+safety_binary,main,0.2,22,0.2037037037037037,86,0.7962962962962963,0.6818181818181818,0.6623931623931625,0.5555555555555556,0.7692307692307693,10,3,4,5
quality_logistic_oof+safety_binary,safety_switch,0.2,22,0.2037037037037037,86,0.7962962962962963,0.6818181818181818,0.6623931623931625,0.5555555555555556,0.7692307692307693,10,3,4,5
quality_logistic_oof+safety_binary,main,0.25,27,0.25,81,0.75,0.7037037037037037,0.6823529411764706,0.6,0.7647058823529411,13,4,4,6
quality_logistic_oof+safety_binary,safety_switch,0.25,27,0.25,81,0.75,0.7037037037037037,0.6823529411764706,0.6,0.7647058823529411,13,4,4,6
quality_logistic_oof+safety_binary,main,0.3,32,0.2962962962962963,76,0.7037037037037037,0.75,0.7090909090909091,0.6,0.8181818181818182,18,4,4,6
quality_logistic_oof+safety_binary,safety_switch,0.3,32,0.2962962962962963,76,0.7037037037037037,0.75,0.7090909090909091,0.6,0.8181818181818182,18,4,4,6
quality_logistic_oof+safety_binary,main,0.35,38,0.35185185185185186,70,0.6481481481481481,0.7105263157894737,0.6876923076923077,0.6153846153846154,0.76,19,6,5,8
quality_logistic_oof+safety_binary,safety_switch,0.35,38,0.35185185185185186,70,0.6481481481481481,0.7105263157894737,0.6876923076923077,0.6153846153846154,0.76,19,6,5,8
quality_logistic_oof+safety_binary,main,0.39999999999999997,43,0.39814814814814814,65,0.6018518518518519,0.6976744186046512,0.675,0.6,0.75,21,7,6,9
quality_logistic_oof+safety_binary,safety_switch,0.39999999999999997,43,0.39814814814814814,65,0.6018518518518519,0.6976744186046512,0.675,0.6,0.75,21,7,6,9
quality_logistic_oof+safety_binary,main,0.44999999999999996,49,0.4537037037037037,59,0.5462962962962963,0.6938775510204082,0.6728070175438596,0.5789473684210527,0.7666666666666667,23,7,8,11
quality_logistic_oof+safety_binary,safety_switch,0.44999999999999996,49,0.4537037037037037,59,0.5462962962962963,0.6938775510204082,0.6728070175438596,0.5789473684210527,0.7666666666666667,23,7,8,11
quality_logistic_oof+safety_binary,main,0.49999999999999994,54,0.5,54,0.5,0.6851851851851852,0.6645021645021645,0.5714285714285714,0.7575757575757576,25,8,9,12
quality_logistic_oof+safety_binary,safety_switch,0.49999999999999994,54,0.5,54,0.5,0.6851851851851852,0.6645021645021645,0.5714285714285714,0.7575757575757576,25,8,9,12
quality_logistic_oof+safety_binary,main,0.5499999999999999,59,0.5462962962962963,49,0.4537037037037037,0.711864406779661,0.6982142857142857,0.625,0.7714285714285715,27,8,9,15
quality_logistic_oof+safety_binary,safety_switch,0.5499999999999999,59,0.5462962962962963,49,0.4537037037037037,0.711864406779661,0.6982142857142857,0.625,0.7714285714285715,27,8,9,15
quality_logistic_oof+safety_binary,main,0.5999999999999999,65,0.6018518518518519,43,0.39814814814814814,0.7230769230769231,0.7095516569200779,0.6296296296296297,0.7894736842105263,30,8,10,17
quality_logistic_oof+safety_binary,safety_switch,0.5999999999999999,65,0.6018518518518519,43,0.39814814814814814,0.7230769230769231,0.7095516569200779,0.6296296296296297,0.7894736842105263,30,8,10,17
quality_logistic_oof+safety_binary,main,0.6499999999999999,70,0.6481481481481481,38,0.35185185185185186,0.7142857142857143,0.7005887300252314,0.6206896551724138,0.7804878048780488,32,9,11,18
quality_logistic_oof+safety_binary,safety_switch,0.6499999999999999,70,0.6481481481481481,38,0.35185185185185186,0.7142857142857143,0.7005887300252314,0.6206896551724138,0.7804878048780488,32,9,11,18
quality_logistic_oof+safety_binary,main,0.7,76,0.7037037037037037,32,0.2962962962962963,0.7105263157894737,0.6971014492753623,0.6333333333333333,0.7608695652173914,35,11,11,19
quality_logistic_oof+safety_binary,safety_switch,0.7,76,0.7037037037037037,32,0.2962962962962963,0.7105263157894737,0.6971014492753623,0.6333333333333333,0.7608695652173914,35,11,11,19
quality_logistic_oof+safety_binary,main,0.7499999999999998,81,0.75,27,0.25,0.7283950617283951,0.7158801020408163,0.65625,0.7755102040816326,38,11,11,21
quality_logistic_oof+safety_binary,safety_switch,0.7499999999999998,81,0.75,27,0.25,0.7283950617283951,0.7158801020408163,0.65625,0.7755102040816326,38,11,11,21
quality_logistic_oof+safety_binary,main,0.7999999999999998,86,0.7962962962962963,22,0.2037037037037037,0.7209302325581395,0.7064425770308123,0.6285714285714286,0.7843137254901961,40,11,13,22
quality_logistic_oof+safety_binary,safety_switch,0.7999999999999998,86,0.7962962962962963,22,0.2037037037037037,0.7209302325581395,0.7064425770308123,0.6285714285714286,0.7843137254901961,40,11,13,22
quality_logistic_oof+safety_binary,main,0.8499999999999999,92,0.8518518518518519,16,0.14814814814814814,0.7065217391304348,0.689484126984127,0.6111111111111112,0.7678571428571429,43,13,14,22
quality_logistic_oof+safety_binary,safety_switch,0.8499999999999999,92,0.8518518518518519,16,0.14814814814814814,0.7065217391304348,0.689484126984127,0.6111111111111112,0.7678571428571429,43,13,14,22
quality_logistic_oof+safety_binary,main,0.8999999999999999,97,0.8981481481481481,11,0.10185185185185185,0.7010309278350515,0.6793041926851027,0.5789473684210527,0.7796610169491526,46,13,16,22
quality_logistic_oof+safety_binary,safety_switch,0.8999999999999999,97,0.8981481481481481,11,0.10185185185185185,0.6907216494845361,0.6755129348795719,0.6052631578947368,0.7457627118644068,44,15,15,23
quality_logistic_oof+safety_binary,main,0.9499999999999997,103,0.9537037037037037,5,0.046296296296296294,0.6699029126213593,0.6474806201550387,0.5116279069767442,0.7833333333333333,47,13,21,22
quality_logistic_oof+safety_binary,safety_switch,0.9499999999999997,103,0.9537037037037037,5,0.046296296296296294,0.6990291262135923,0.6922480620155038,0.6511627906976745,0.7333333333333333,44,16,15,28
quality_logistic_oof+safety_binary,main,0.9999999999999998,108,1.0,0,0.0,0.6481481481481481,0.627485176142309,0.46808510638297873,0.7868852459016393,48,13,25,22
quality_logistic_oof+safety_binary,safety_switch,0.9999999999999998,108,1.0,0,0.0,0.7037037037037037,0.7010812696198117,0.6808510638297872,0.7213114754098361,44,17,15,32
quality_logistic_oof+safety_soft,main,0.2,22,0.2037037037037037,86,0.7962962962962963,0.6818181818181818,0.6623931623931625,0.5555555555555556,0.7692307692307693,10,3,4,5
quality_logistic_oof+safety_soft,safety_switch,0.2,22,0.2037037037037037,86,0.7962962962962963,0.6818181818181818,0.6623931623931625,0.5555555555555556,0.7692307692307693,10,3,4,5
quality_logistic_oof+safety_soft,main,0.25,27,0.25,81,0.75,0.7037037037037037,0.6823529411764706,0.6,0.7647058823529411,13,4,4,6
quality_logistic_oof+safety_soft,safety_switch,0.25,27,0.25,81,0.75,0.7037037037037037,0.6823529411764706,0.6,0.7647058823529411,13,4,4,6
quality_logistic_oof+safety_soft,main,0.3,32,0.2962962962962963,76,0.7037037037037037,0.75,0.7090909090909091,0.6,0.8181818181818182,18,4,4,6
quality_logistic_oof+safety_soft,safety_switch,0.3,32,0.2962962962962963,76,0.7037037037037037,0.75,0.7090909090909091,0.6,0.8181818181818182,18,4,4,6
quality_logistic_oof+safety_soft,main,0.35,38,0.35185185185185186,70,0.6481481481481481,0.7105263157894737,0.6876923076923077,0.6153846153846154,0.76,19,6,5,8
quality_logistic_oof+safety_soft,safety_switch,0.35,38,0.35185185185185186,70,0.6481481481481481,0.7105263157894737,0.6876923076923077,0.6153846153846154,0.76,19,6,5,8
quality_logistic_oof+safety_soft,main,0.39999999999999997,43,0.39814814814814814,65,0.6018518518518519,0.6976744186046512,0.675,0.6,0.75,21,7,6,9
quality_logistic_oof+safety_soft,safety_switch,0.39999999999999997,43,0.39814814814814814,65,0.6018518518518519,0.6976744186046512,0.675,0.6,0.75,21,7,6,9
quality_logistic_oof+safety_soft,main,0.44999999999999996,49,0.4537037037037037,59,0.5462962962962963,0.6938775510204082,0.6728070175438596,0.5789473684210527,0.7666666666666667,23,7,8,11
quality_logistic_oof+safety_soft,safety_switch,0.44999999999999996,49,0.4537037037037037,59,0.5462962962962963,0.6938775510204082,0.6728070175438596,0.5789473684210527,0.7666666666666667,23,7,8,11
quality_logistic_oof+safety_soft,main,0.49999999999999994,54,0.5,54,0.5,0.6851851851851852,0.6645021645021645,0.5714285714285714,0.7575757575757576,25,8,9,12
quality_logistic_oof+safety_soft,safety_switch,0.49999999999999994,54,0.5,54,0.5,0.6851851851851852,0.6645021645021645,0.5714285714285714,0.7575757575757576,25,8,9,12
quality_logistic_oof+safety_soft,main,0.5499999999999999,59,0.5462962962962963,49,0.4537037037037037,0.711864406779661,0.6982142857142857,0.625,0.7714285714285715,27,8,9,15
quality_logistic_oof+safety_soft,safety_switch,0.5499999999999999,59,0.5462962962962963,49,0.4537037037037037,0.711864406779661,0.6982142857142857,0.625,0.7714285714285715,27,8,9,15
quality_logistic_oof+safety_soft,main,0.5999999999999999,65,0.6018518518518519,43,0.39814814814814814,0.7230769230769231,0.7095516569200779,0.6296296296296297,0.7894736842105263,30,8,10,17
quality_logistic_oof+safety_soft,safety_switch,0.5999999999999999,65,0.6018518518518519,43,0.39814814814814814,0.7230769230769231,0.7095516569200779,0.6296296296296297,0.7894736842105263,30,8,10,17
quality_logistic_oof+safety_soft,main,0.6499999999999999,70,0.6481481481481481,38,0.35185185185185186,0.7142857142857143,0.7005887300252314,0.6206896551724138,0.7804878048780488,32,9,11,18
quality_logistic_oof+safety_soft,safety_switch,0.6499999999999999,70,0.6481481481481481,38,0.35185185185185186,0.7142857142857143,0.7005887300252314,0.6206896551724138,0.7804878048780488,32,9,11,18
quality_logistic_oof+safety_soft,main,0.7,76,0.7037037037037037,32,0.2962962962962963,0.7105263157894737,0.6971014492753623,0.6333333333333333,0.7608695652173914,35,11,11,19
quality_logistic_oof+safety_soft,safety_switch,0.7,76,0.7037037037037037,32,0.2962962962962963,0.7105263157894737,0.6971014492753623,0.6333333333333333,0.7608695652173914,35,11,11,19
quality_logistic_oof+safety_soft,main,0.7499999999999998,81,0.75,27,0.25,0.7283950617283951,0.7158801020408163,0.65625,0.7755102040816326,38,11,11,21
quality_logistic_oof+safety_soft,safety_switch,0.7499999999999998,81,0.75,27,0.25,0.7283950617283951,0.7158801020408163,0.65625,0.7755102040816326,38,11,11,21
quality_logistic_oof+safety_soft,main,0.7999999999999998,86,0.7962962962962963,22,0.2037037037037037,0.7209302325581395,0.7064425770308123,0.6285714285714286,0.7843137254901961,40,11,13,22
quality_logistic_oof+safety_soft,safety_switch,0.7999999999999998,86,0.7962962962962963,22,0.2037037037037037,0.7209302325581395,0.7064425770308123,0.6285714285714286,0.7843137254901961,40,11,13,22
quality_logistic_oof+safety_soft,main,0.8499999999999999,92,0.8518518518518519,16,0.14814814814814814,0.7065217391304348,0.689484126984127,0.6111111111111112,0.7678571428571429,43,13,14,22
quality_logistic_oof+safety_soft,safety_switch,0.8499999999999999,92,0.8518518518518519,16,0.14814814814814814,0.7065217391304348,0.689484126984127,0.6111111111111112,0.7678571428571429,43,13,14,22
quality_logistic_oof+safety_soft,main,0.8999999999999999,97,0.8981481481481481,11,0.10185185185185185,0.6907216494845361,0.6699823165340406,0.5641025641025641,0.7758620689655172,45,13,17,22
quality_logistic_oof+safety_soft,safety_switch,0.8999999999999999,97,0.8981481481481481,11,0.10185185185185185,0.7010309278350515,0.6912024756852344,0.6410256410256411,0.7413793103448276,43,15,14,25
quality_logistic_oof+safety_soft,main,0.9499999999999997,103,0.9537037037037037,5,0.046296296296296294,0.6601941747572816,0.6398305084745763,0.5,0.7796610169491526,46,13,22,22
quality_logistic_oof+safety_soft,safety_switch,0.9499999999999997,103,0.9537037037037037,5,0.046296296296296294,0.7087378640776699,0.7053158705701078,0.6818181818181818,0.7288135593220338,43,16,14,30
quality_logistic_oof+safety_soft,main,0.9999999999999998,108,1.0,0,0.0,0.6481481481481481,0.627485176142309,0.46808510638297873,0.7868852459016393,48,13,25,22
quality_logistic_oof+safety_soft,safety_switch,0.9999999999999998,108,1.0,0,0.0,0.7037037037037037,0.7010812696198117,0.6808510638297872,0.7213114754098361,44,17,15,32
